timestamp,src,dest,speed_src,speed_dest,posx_src,posy_src,posz_src,posx_dest,posy_dest,posz_dest,traffic_type,packet_size,interval,serving_gnb,distance,sinr_dl,sinr_ul,mac_thr_dl,mac_thr_ul,mac_delay_dl,mac_delay_ul,blerDlSignal,blerUlSignal,packetLossDlSignal,packetLossUlSignal,
0.1,gnb,ue[0],0,12.1226,500,500,30,133.104,267.438,3.92105,DL,600,0.02,1,435.176,34.4538,21.4433,36941.9,3128.21,0.004,0.004,0,0,0,0
0.1,gnb,ue[1],0,10.0372,500,500,30,961.761,462.653,67.5955,DL,600,0.02,1,464.792,41.4032,17.865,36701.1,3218.75,0.004,0.004,0,0,0,0
0.1,gnb,ue[2],0,11.3768,500,500,30,904.594,980.146,3.52198,DL,600,0.02,1,628.441,23.623,10.1593,34095.7,2736.84,0.004,0.004,0,0,0,0
0.1,gnb,ue[3],0,12.0969,500,500,30,115.849,578.004,29.0761,DL,600,0.02,1,391.991,44.1561,11.1218,37235.3,3255.32,0.004,0.004,0,0,0,0
0.1,gnb,ue[4],0,12.8033,500,500,30,268.095,96.5333,6.18892,DL,600,0.02,1,465.975,37.6162,26.9595,32418.4,3088.61,0.01,0.004,0,0,0,0
0.1,gnb,ue[5],0,11.004,500,500,30,405.791,569.969,66.6817,DL,600,0.02,1,122.95,72.8849,36.9011,35831.5,3112.24,0.004,0.004,0,0,0,0
0.1,gnb,ue[6],0,10.58,500,500,30,145.822,422.379,77.9111,DL,600,0.02,1,365.736,32.4127,13.0439,33093.8,3023.26,0.01,0.004,0,0,0,0
0.1,gnb,ue[7],0,3.58572,500,500,30,587.09,537.793,9.42881,DL,600,0.02,1,97.1403,49.8845,51.3989,36056.8,3144.33,0.004,0.004,0,0,0,0
0.1,gnb,ue[8],0,19.4052,500,500,30,601.061,545.728,6.3369,DL,600,0.02,1,113.421,51.2335,38.0837,35696.6,3112.24,0.004,0.004,0,0,0,0
0.1,gnb,ue[9],0,18.0678,500,500,30,223.987,238.227,79.3597,DL,600,0.02,1,383.594,36.9691,11.9832,35000,2988.51,0.004,0.004,0,0,0,0
0.2,gnb,ue[0],0,6.3316,500,500,30,134.038,267.125,3.92105,DL,600,0.02,1,434.556,36.223,15.4835,33156.2,3019.8,0.004,0.01,0,0,0,0
0.2,gnb,ue[1],0,12.0642,500,500,30,960.918,463.534,67.5955,DL,600,0.02,1,463.884,38.3967,14.1817,33547.4,3218.75,0.004,0.004,0,0,0,0
0.2,gnb,ue[2],0,4.91372,500,500,30,904.731,979.23,3.52198,DL,600,0.02,1,627.829,19.4221,12.4238,31206.2,2981.65,0.004,0.004,0,0,0,0
0.2,gnb,ue[3],0,20.7552,500,500,30,117.38,578.371,29.0761,DL,600,0.02,1,390.565,43.4697,7.90544,34118.3,3250,0.004,0.004,0,0,0,0
0.2,gnb,ue[4],0,9.61913,500,500,30,268.388,97.8032,6.18892,DL,600,0.02,1,464.729,36.3527,22.2412,34367.6,2850.47,0.004,0.004,0,0,0,0
0.2,gnb,ue[5],0,17.2999,500,500,30,406.231,568.648,66.6817,DL,600,0.02,1,121.864,67.7556,36.441,34085.6,3112.24,0.004,0.004,0,0,0,0
0.2,gnb,ue[6],0,6.25799,500,500,30,146.318,422.898,77.9111,DL,600,0.02,1,365.145,36.2013,11.2464,33267,2777.78,0.004,0.01,0,0,0,0
0.2,gnb,ue[7],0,2.84169,500,500,30,587.124,538.529,9.42881,DL,600,0.02,1,97.4587,49.646,52.278,33246.1,3144.33,0.004,0.004,0,0,0,0
0.2,gnb,ue[8],0,11.3865,500,500,30,600.289,546.911,6.3369,DL,600,0.02,1,113.218,57.0035,39.6647,33755.3,3112.24,0.004,0.004,0,0,0,0
0.2,gnb,ue[9],0,13.8267,500,500,30,222.636,237.287,79.3597,DL,600,0.02,1,385.208,34.5713,12.5591,33661.4,3066.04,0.004,0.004,0,0,0,0
0.3,gnb,ue[0],0,14.66,500,500,30,134.93,266.843,3.92105,DL,600,0.02,1,433.956,38.7268,16.3897,32893.1,3019.8,0.004,0.01,0,0,0,0
0.3,gnb,ue[1],0,17.3876,500,500,30,959.884,464.559,67.5955,DL,600,0.02,1,462.777,40.3371,12.7394,33292.7,3218.75,0.004,0.004,0,0,0,0
0.3,gnb,ue[2],0,11.725,500,500,30,904.752,978.221,3.52198,DL,600,0.02,1,627.073,18.293,6.68621,32130.4,2981.65,0.01,0.004,0,0,0,0
0.3,gnb,ue[3],0,12.3687,500,500,30,119.504,578.211,29.0761,DL,600,0.02,1,388.452,42.3639,13.9031,33414,3250,0.004,0.004,0,0,0,0
0.3,gnb,ue[4],0,13.5717,500,500,30,268.955,99.0582,6.18892,DL,600,0.02,1,463.36,37.5631,20.2963,32335.6,2850.47,0.01,0.004,0,0,0,0
0.3,gnb,ue[5],0,11.6827,500,500,30,406.369,567.217,66.6817,DL,600,0.02,1,120.956,63.4174,33.5678,33218.8,3112.24,0.004,0.004,0,0,0,0
0.3,gnb,ue[6],0,10.1835,500,500,30,147.024,423.388,77.9111,DL,600,0.02,1,364.359,37.9961,9.79289,32752.6,2777.78,0.004,0.01,0,0,0,0
0.3,gnb,ue[7],0,6.18214,500,500,30,587.21,538.93,9.42881,DL,600,0.02,1,97.6951,54.0169,53.7137,32851.7,3144.33,0.004,0.004,0,0,0,0
0.3,gnb,ue[8],0,19.9259,500,500,30,599.623,548.251,6.3369,DL,600,0.02,1,113.194,57.7077,34.7157,33297.2,3112.24,0.004,0.004,0,0,0,0
0.3,gnb,ue[9],0,12.5725,500,500,30,221.823,236.632,79.3597,DL,600,0.02,1,386.241,40.2566,8.51103,32695.2,3066.04,0.004,0.004,0,0,0,0
0.4,gnb,ue[0],0,18.5076,500,500,30,136.487,266.272,3.92105,DL,600,0.02,1,432.956,39.3163,14.6896,33049.4,3019.8,0.004,0.01,0,0,0,0
0.4,gnb,ue[1],0,14.927,500,500,30,958.529,465.452,67.5955,DL,600,0.02,1,461.364,41.5897,14.1681,32730.1,3218.75,0.004,0.004,0,0,0,0
0.4,gnb,ue[2],0,9.00401,500,500,30,904.554,977.058,3.52198,DL,600,0.02,1,626.059,17.9132,10.9486,32100.3,2981.65,0.01,0.004,0,0,0,0
0.4,gnb,ue[3],0,17.977,500,500,30,120.706,578.645,29.0761,DL,600,0.02,1,387.362,42.5875,11.5858,32795.9,3250,0.004,0.004,0,0,0,0
0.4,gnb,ue[4],0,10.8456,500,500,30,269.494,100.215,6.18892,DL,600,0.02,1,462.091,34.8947,20.4507,32532,2850.47,0.004,0.004,0,0,0,0
0.4,gnb,ue[5],0,13.3587,500,500,30,406.907,566.182,66.6817,DL,600,0.02,1,119.966,68.1026,38.7831,33015.5,3112.24,0.004,0.004,0,0,0,0
0.4,gnb,ue[6],0,12.5539,500,500,30,147.374,423.892,77.9111,DL,600,0.02,1,363.913,34.314,11.638,32438.8,2777.78,0.004,0.01,0,0,0,0
0.4,gnb,ue[7],0,8.80992,500,500,30,587.124,539.587,9.42881,DL,600,0.02,1,97.882,46.1352,47.8189,32647.8,3144.33,0.004,0.004,0,0,0,0
0.4,gnb,ue[8],0,18.7188,500,500,30,598.902,549.573,6.3369,DL,600,0.02,1,113.133,53.4825,35.5882,32742.3,3112.24,0.004,0.004,0,0,0,0
0.4,gnb,ue[9],0,13.138,500,500,30,220.548,235.947,79.3597,DL,600,0.02,1,387.626,36.6473,8.62928,32625.6,3066.04,0.004,0.004,0,0,0,0
0.5,gnb,ue[0],0,8.16193,500,500,30,137.653,265.849,3.92105,DL,600,0.02,1,432.206,38.406,16.0983,32311,3019.8,0.01,0.01,0,0,0,0
0.5,gnb,ue[1],0,11.0887,500,500,30,957.698,466.809,67.5955,DL,600,0.02,1,460.437,41.5914,16.4464,32433.8,3218.75,0.01,0.004,0,0,0,0
0.5,gnb,ue[2],0,7.75273,500,500,30,904.476,976.205,3.52198,DL,600,0.02,1,625.358,20.3687,13.9203,32300.4,2981.65,0.004,0.004,0,0,0,0
0.5,gnb,ue[3],0,14.3639,500,500,30,122.487,579.45,29.0761,DL,600,0.02,1,385.784,45.0981,11.7495,32361.2,3250,0.004,0.004,0,0,0,0
0.5,gnb,ue[4],0,19.5722,500,500,30,269.986,101.693,6.18892,DL,600,0.02,1,460.567,37.6758,23.5062,32237.3,2850.47,0.004,0.004,0,0,0,0
0.5,gnb,ue[5],0,22.8717,500,500,30,407.659,564.522,66.6817,DL,600,0.02,1,118.471,73.4879,35.4499,32591,3112.24,0.004,0.004,0,0,0,0
0.5,gnb,ue[6],0,11.0012,500,500,30,148.125,424.824,77.9111,DL,600,0.02,1,362.992,34.3875,11.5834,32501,2777.78,0.004,0.01,0,0,0,0
0.5,gnb,ue[7],0,12.7014,500,500,30,587.035,540.393,9.42881,DL,600,0.02,1,98.1316,44.6612,52.4375,32601.6,3144.33,0.004,0.004,0,0,0,0
0.5,gnb,ue[8],0,8.0407,500,500,30,598.047,550.593,6.3369,DL,600,0.02,1,112.84,56.5101,33.2138,32543,3112.24,0.004,0.004,0,0,0,0
0.5,gnb,ue[9],0,11.6509,500,500,30,219.168,235.203,79.3597,DL,600,0.02,1,389.128,40.1409,7.7641,31889.8,3066.04,0.01,0.004,0,0,0,0
0.6,gnb,ue[0],0,12.8132,500,500,30,138.606,265.577,3.92105,DL,600,0.02,1,431.556,36.5737,19.2633,32556.3,3019.8,0.004,0.01,0,0,0,0
0.6,gnb,ue[1],0,19.9744,500,500,30,956.812,468.376,67.5955,DL,600,0.02,1,459.446,36.1936,14.7934,32287.2,3218.75,0.01,0.004,0,0,0,0
0.6,gnb,ue[2],0,17.7248,500,500,30,904.669,975.084,3.52198,DL,600,0.02,1,624.631,19.6551,11.8185,31055.1,2981.65,0.01,0.004,0,0,0,0
0.6,gnb,ue[3],0,14.9135,500,500,30,123.855,580.148,29.0761,DL,600,0.02,1,384.59,37.6778,8.39538,32412.3,3250,0.004,0.004,0,0,0,0
0.6,gnb,ue[4],0,7.25183,500,500,30,270.212,102.878,6.18892,DL,600,0.02,1,459.429,42.007,26.0837,32315.3,2850.47,0.004,0.004,0,0,0,0
0.6,gnb,ue[5],0,13.7453,500,500,30,408.32,562.837,66.6817,DL,600,0.02,1,117.044,71.4643,33.3902,32465.2,3112.24,0.004,0.004,0,0,0,0
0.6,gnb,ue[6],0,8.98189,500,500,30,148.714,425.385,77.9111,DL,600,0.02,1,362.304,37.5719,9.34014,32267.3,2777.78,0.004,0.01,0,0,0,0
0.6,gnb,ue[7],0,14.0499,500,500,30,586.968,541.644,9.42881,DL,600,0.02,1,98.5945,51.6855,50.4546,32398,3144.33,0.004,0.004,0,0,0,0
0.6,gnb,ue[8],0,13.4483,500,500,30,597.087,551.3,6.3369,DL,600,0.02,1,112.328,58.0115,37.62,32577.8,3112.24,0.004,0.004,0,0,0,0
0.6,gnb,ue[9],0,17.4205,500,500,30,217.79,234.534,79.3597,DL,600,0.02,1,390.578,32.6096,9.7616,32260.1,3066.04,0.004,0.004,0,0,0,0
0.7,gnb,ue[0],0,17.6357,500,500,30,139.78,264.6,3.92105,DL,600,0.02,1,431.105,39.1287,20.2523,32317.9,3019.8,0.004,0.01,0,0,0,0
0.7,gnb,ue[1],0,16.1013,500,500,30,955.665,469.571,67.5955,DL,600,0.02,1,458.224,42.0614,19.4791,32370.1,3218.75,0.004,0.004,0,0,0,0
0.7,gnb,ue[2],0,11.5335,500,500,30,905.028,973.77,3.52198,DL,600,0.02,1,623.864,18.3812,12.4336,31756.8,2981.65,0.004,0.004,0,0,0,0
0.7,gnb,ue[3],0,18.1737,500,500,30,125.524,580.532,29.0761,DL,600,0.02,1,383.038,40.1256,9.4231,32056.3,3250,0.01,0.004,0,0,0,0
0.7,gnb,ue[4],0,16.3862,500,500,30,270.584,103.865,6.18892,DL,600,0.02,1,458.39,38.7249,19.8992,32166.2,2850.47,0.004,0.004,0,0,0,0
0.7,gnb,ue[5],0,14.3218,500,500,30,408.83,561.532,66.6817,DL,600,0.02,1,115.946,67.885,37.874,32505.8,3112.24,0.004,0.004,0,0,0,0
0.7,gnb,ue[6],0,13.9904,500,500,30,149.222,426.03,77.9111,DL,600,0.02,1,361.68,33.4191,8.76137,32206.9,2777.78,0.004,0.01,0,0,0,0
0.7,gnb,ue[7],0,13.3818,500,500,30,586.791,542.875,9.42881,DL,600,0.02,1,98.9651,48.4531,48.7629,32295.1,3144.33,0.004,0.004,0,0,0,0
0.7,gnb,ue[8],0,10.2871,500,500,30,596.445,551.813,6.3369,DL,600,0.02,1,112.01,52.6235,35.2632,32442.3,3112.24,0.004,0.004,0,0,0,0
0.7,gnb,ue[9],0,10.5827,500,500,30,216.922,233.966,79.3597,DL,600,0.02,1,391.591,35.0019,7.56654,31998.6,3066.04,0.01,0.004,0,0,0,0
0.8,gnb,ue[0],0,22.6735,500,500,30,141.373,263.648,3.92105,DL,600,0.02,1,430.297,38.8278,16.33,32141.4,3019.8,0.01,0.01,0,0,0,0
0.8,gnb,ue[1],0,17.1694,500,500,30,954.42,470.398,67.5955,DL,600,0.02,1,456.933,36.1655,15.2185,32396.4,3218.75,0.004,0.004,0,0,0,0
0.8,gnb,ue[2],0,15.4205,500,500,30,904.825,972.438,3.52198,DL,600,0.02,1,622.722,24.2199,8.98605,32262,2981.65,0.004,0.004,0,0,0,0
0.8,gnb,ue[3],0,22.2752,500,500,30,127.008,581.109,29.0761,DL,600,0.02,1,381.71,46.8641,7.47305,32101.1,3250,0.004,0.004,0,0,0,0
0.8,gnb,ue[4],0,17.4786,500,500,30,270.785,105.323,6.18892,DL,600,0.02,1,457.031,43.2411,22.4249,32121.2,2850.47,0.004,0.004,0,0,0,0
0.8,gnb,ue[5],0,14.3314,500,500,30,409.919,560.541,66.6817,DL,600,0.02,1,114.566,66.845,37.1389,32412.2,3112.24,0.004,0.004,0,0,0,0
0.8,gnb,ue[6],0,10.9868,500,500,30,149.685,427.072,77.9111,DL,600,0.02,1,361.019,35.9383,14.005,32192.4,2777.78,0.004,0.01,0,0,0,0
0.8,gnb,ue[7],0,6.05298,500,500,30,586.53,543.687,9.42881,DL,600,0.02,1,99.0917,49.4303,48.1181,32228.4,3144.33,0.004,0.004,0,0,0,0
0.8,gnb,ue[8],0,10.7259,500,500,30,595.935,552.427,6.3369,DL,600,0.02,1,111.857,52.5899,41.3277,32341.4,3112.24,0.004,0.004,0,0,0,0
0.8,gnb,ue[9],0,14.1676,500,500,30,216.247,233.235,79.3597,DL,600,0.02,1,392.576,34.8318,6.39387,32141.4,3066.04,0.004,0.004,0,0,0,0
0.9,gnb,ue[0],0,18.4105,500,500,30,143.122,262.945,3.92105,DL,600,0.02,1,429.229,35.1417,13.9173,32212.6,3019.8,0.004,0.01,0,0,0,0
0.9,gnb,ue[1],0,20.9916,500,500,30,953.647,471.713,67.5955,DL,600,0.02,1,456.08,38.0823,17.9869,32325.8,3218.75,0.004,0.004,0,0,0,0
0.9,gnb,ue[2],0,8.91004,500,500,30,904.905,971.113,3.52198,DL,600,0.02,1,621.769,24.3912,11.9425,32036.7,2981.65,0.01,0.004,0,0,0,0
0.9,gnb,ue[3],0,17.5823,500,500,30,128.671,581.955,29.0761,DL,600,0.02,1,380.266,39.4171,11.2542,32294.9,3250,0.004,0.004,0,0,0,0
0.9,gnb,ue[4],0,9.50788,500,500,30,270.96,106.202,6.18892,DL,600,0.02,1,456.183,34.763,25.5367,32126.8,2850.47,0.004,0.004,0,0,0,0
0.9,gnb,ue[5],0,17.9294,500,500,30,410.87,559.656,66.6817,DL,600,0.02,1,113.352,67.3906,36.4843,32230.6,3112.24,0.004,0.004,0,0,0,0
0.9,gnb,ue[6],0,16.2133,500,500,30,150.298,427.772,77.9111,DL,600,0.02,1,360.283,31.4562,14.7882,32068.4,2777.78,0.004,0.01,0,0,0,0
0.9,gnb,ue[7],0,7.98908,500,500,30,586.5,544.403,9.42881,DL,600,0.02,1,99.3831,45.1881,52.7577,32240.4,3144.33,0.004,0.004,0,0,0,0
0.9,gnb,ue[8],0,13.5615,500,500,30,594.976,553.534,6.3369,DL,600,0.02,1,111.562,60.9474,39.4328,32163.3,3112.24,0.004,0.004,0,0,0,0
0.9,gnb,ue[9],0,15.3153,500,500,30,215.484,232.356,79.3597,DL,600,0.02,1,393.724,32.8212,10.7295,32180.9,3066.04,0.004,0.004,0,0,0,0
1,gnb,ue[0],0,17.6652,500,500,30,144.626,262.494,3.92105,DL,600,0.02,1,428.229,37.9462,14.4414,32163.8,3019.8,0.004,0.01,0,0,0,0
1,gnb,ue[1],0,19.6122,500,500,30,952.169,472.761,67.5955,DL,600,0.02,1,454.546,43.0469,11.2246,32269.5,3218.75,0.004,0.004,0,0,0,0
1,gnb,ue[2],0,12.3275,500,500,30,904.932,969.972,3.52198,DL,600,0.02,1,620.922,23.4522,9.52306,31687.7,2981.65,0.01,0.004,0,0,0,0
1,gnb,ue[3],0,17.6729,500,500,30,130.072,582.457,29.0761,DL,600,0.02,1,379.008,45.5711,8.549,32014.1,3250,0.01,0.004,0,0,0,0
1,gnb,ue[4],0,12.9205,500,500,30,271.096,107.029,6.18892,DL,600,0.02,1,455.401,34.5461,26.4033,31901.7,2850.47,0.01,0.004,0,0,0,0
1,gnb,ue[5],0,18.093,500,500,30,412.074,558.314,66.6817,DL,600,0.02,1,111.7,69.628,38.4338,32322.8,3112.24,0.004,0.004,0,0,0,0
1,gnb,ue[6],0,9.74274,500,500,30,151.021,429.016,77.9111,DL,600,0.02,1,359.334,36.3265,15.1235,32022.2,2777.78,0.004,0.01,0,0,0,0
1,gnb,ue[7],0,3.72123,500,500,30,586.533,545.098,9.42881,DL,600,0.02,1,99.7241,48.5883,44.8022,32095,3144.33,0.004,0.004,0,0,0,0
1,gnb,ue[8],0,8.55338,500,500,30,594.098,554.393,6.3369,DL,600,0.02,1,111.234,60.5258,39.982,32127.5,3112.24,0.004,0.004,0,0,0,0
1,gnb,ue[9],0,12.2832,500,500,30,214.035,231.465,79.3597,DL,600,0.02,1,395.377,31.833,9.04141,32135.4,3066.04,0.004,0.004,0,0,0,0
1.1,gnb,ue[0],0,8.57031,500,500,30,145.775,261.623,3.92105,DL,600,0.02,1,427.761,39.6983,18.0828,32220.1,3019.8,0.004,0.01,0,0,0,0
1.1,gnb,ue[1],0,15.4899,500,500,30,951.926,474.249,67.5955,DL,600,0.02,1,454.218,40.1885,14.703,32227.2,3218.75,0.004,0.004,0,0,0,0
1.1,gnb,ue[2],0,7.53361,500,500,30,905.055,968.842,3.52198,DL,600,0.02,1,620.148,20.5539,11.5869,32046.4,2981.65,0.01,0.004,0,0,0,0
1.1,gnb,ue[3],0,21.3811,500,500,30,131.656,583.32,29.0761,DL,600,0.02,1,377.651,40.3033,10.8701,32187.1,3250,0.004,0.004,0,0,0,0
1.1,gnb,ue[4],0,9.31318,500,500,30,271.162,108.188,6.18892,DL,600,0.02,1,454.368,35.266,20.6854,32028.4,2850.47,0.004,0.004,0,0,0,0
1.1,gnb,ue[5],0,17.4232,500,500,30,413.136,557.064,66.6817,DL,600,0.02,1,110.215,64.4954,35.7921,32105.4,3112.24,0.004,0.004,0,0,0,0
1.1,gnb,ue[6],0,10.919,500,500,30,151.677,429.771,77.9111,DL,600,0.02,1,358.548,36.9664,13.4303,32098.2,2777.78,0.004,0.01,0,0,0,0
1.1,gnb,ue[7],0,2.58078,500,500,30,586.675,545.774,9.42881,DL,600,0.02,1,100.155,46.4515,48.2914,32098.3,3144.33,0.004,0.004,0,0,0,0
1.1,gnb,ue[8],0,13.5508,500,500,30,593.218,555.018,6.3369,DL,600,0.02,1,110.799,57.5072,40.2643,32061.5,3112.24,0.004,0.004,0,0,0,0
1.1,gnb,ue[9],0,8.8359,500,500,30,213.017,231.253,79.3597,DL,600,0.02,1,396.258,39.8366,8.17135,32135,3066.04,0.004,0.004,0,0,0,0
1.2,gnb,ue[0],0,9.10621,500,500,30,146.613,261.35,3.92105,DL,600,0.02,1,427.22,41.4457,18.4868,32219.4,3019.8,0.004,0.01,0,0,0,0
1.2,gnb,ue[1],0,15.0479,500,500,30,951.282,475.326,67.5955,DL,600,0.02,1,453.517,41.2096,17.3941,32137.9,3218.75,0.004,0.004,0,0,0,0
1.2,gnb,ue[2],0,4.16674,500,500,30,904.886,968.084,3.52198,DL,600,0.02,1,619.465,21.5012,13.1599,32026.7,2981.65,0.01,0.004,0,0,0,0
1.2,gnb,ue[3],0,14.849,500,500,30,133.28,583.647,29.0761,DL,600,0.02,1,376.14,38.5234,11.594,32070.7,3250,0.004,0.004,0,0,0,0
1.2,gnb,ue[4],0,13.1848,500,500,30,271.361,109.078,6.18892,DL,600,0.02,1,453.501,34.7684,25.0135,32010.1,2850.47,0.004,0.004,0,0,0,0
1.2,gnb,ue[5],0,21.4863,500,500,30,414.112,555.668,66.6817,DL,600,0.02,1,108.725,72.0793,38.9961,32209.1,3112.24,0.004,0.004,0,0,0,0
1.2,gnb,ue[6],0,7.92763,500,500,30,152.274,430.405,77.9111,DL,600,0.02,1,357.844,34.4132,11.5996,32050.4,2777.78,0.004,0.01,0,0,0,0
1.2,gnb,ue[7],0,3.40352,500,500,30,586.653,546.174,9.42881,DL,600,0.02,1,100.32,49.2478,50.5843,32094.4,3144.33,0.004,0.004,0,0,0,0
1.2,gnb,ue[8],0,14.3169,500,500,30,592.164,556.013,6.3369,DL,600,0.02,1,110.415,55.5647,38.3987,32040.4,3112.24,0.004,0.004,0,0,0,0
1.2,gnb,ue[9],0,14.3735,500,500,30,212.027,230.886,79.3597,DL,600,0.02,1,397.225,36.7035,10.1569,32077.3,3066.04,0.004,0.004,0,0,0,0
1.3,gnb,ue[0],0,11.2216,500,500,30,147.44,261.41,3.92105,DL,600,0.02,1,426.502,38.0979,16.5879,32090.8,3019.8,0.004,0.01,0,0,0,0
1.3,gnb,ue[1],0,16.4214,500,500,30,950.196,476.543,67.5955,DL,600,0.02,1,452.372,38.03,14.2511,32159.3,3218.75,0.004,0.004,0,0,0,0
1.3,gnb,ue[2],0,11.0609,500,500,30,904.792,967.083,3.52198,DL,600,0.02,1,618.647,20.7949,10.3994,32140,2981.65,0.004,0.004,0,0,0,0
1.3,gnb,ue[3],0,11.9102,500,500,30,134.576,583.551,29.0761,DL,600,0.02,1,374.855,45.0592,12.3207,32094.1,3250,0.004,0.004,0,0,0,0
1.3,gnb,ue[4],0,12.6635,500,500,30,271.896,110.379,6.18892,DL,600,0.02,1,452.109,33.6461,24.0537,32041.1,2850.47,0.004,0.004,0,0,0,0
1.3,gnb,ue[5],0,15.1337,500,500,30,415.179,554.546,66.6817,DL,600,0.02,1,107.31,65.5806,37.7239,32128.1,3112.24,0.004,0.004,0,0,0,0
1.3,gnb,ue[6],0,11.5007,500,500,30,152.822,431.372,77.9111,DL,600,0.02,1,357.124,30.8179,10.24,32007,2777.78,0.004,0.01,0,0,0,0
1.3,gnb,ue[7],0,7.22889,500,500,30,586.656,546.534,9.42881,DL,600,0.02,1,100.488,51.1084,50.273,32019.4,3144.33,0.004,0.004,0,0,0,0
1.3,gnb,ue[8],0,5.16518,500,500,30,591.239,557.011,6.3369,DL,600,0.02,1,110.157,55.6151,39.3307,32116,3112.24,0.004,0.004,0,0,0,0
1.3,gnb,ue[9],0,10.478,500,500,30,211.007,230.668,79.3597,DL,600,0.02,1,398.112,34.8278,10.5442,32034.9,3066.04,0.004,0.004,0,0,0,0
1.4,gnb,ue[0],0,11.5189,500,500,30,148.881,261.297,3.92105,DL,600,0.02,1,425.376,39.7517,15.7051,32041.7,3019.8,0.004,0.01,0,0,0,0
1.4,gnb,ue[1],0,12.9199,500,500,30,949.27,477.922,67.5955,DL,600,0.02,1,451.381,41.1607,16.8405,32148.5,3218.75,0.004,0.004,0,0,0,0
1.4,gnb,ue[2],0,16.3956,500,500,30,904.908,965.949,3.52198,DL,600,0.02,1,617.868,24.4074,13.6721,32104.7,2981.65,0.004,0.004,0,0,0,0
1.4,gnb,ue[3],0,17.8607,500,500,30,136.441,584.264,29.0761,DL,600,0.02,1,373.198,48.7971,7.83566,31984.2,3250,0.004,0.004,0,0,0,0
1.4,gnb,ue[4],0,23.8486,500,500,30,271.737,111.938,6.18892,DL,600,0.02,1,450.847,37.1557,22.1609,31992.8,2850.47,0.004,0.004,0,0,0,0
1.4,gnb,ue[5],0,23.0428,500,500,30,416.387,553.165,66.6817,DL,600,0.02,1,105.656,66.6255,32.7369,32082.1,3112.24,0.004,0.004,0,0,0,0
1.4,gnb,ue[6],0,7.96492,500,500,30,153.646,432.244,77.9111,DL,600,0.02,1,356.157,38.42,11.1387,31998.6,2777.78,0.01,0.01,0,0,0,0
1.4,gnb,ue[7],0,6.00982,500,500,30,586.571,547.061,9.42881,DL,600,0.02,1,100.661,47.8687,50.1899,32018.7,3144.33,0.004,0.004,0,0,0,0
1.4,gnb,ue[8],0,9.50881,500,500,30,590.759,557.701,6.3369,DL,600,0.02,1,110.12,56.7661,38.823,32085.2,3112.24,0.004,0.004,0,0,0,0
1.4,gnb,ue[9],0,14.167,500,500,30,210.365,230.284,79.3597,DL,600,0.02,1,398.838,36.3143,9.99386,31978.5,3066.04,0.004,0.004,0,0,0,0
1.5,gnb,ue[0],0,12.2194,500,500,30,150.305,260.307,3.92105,DL,600,0.02,1,424.759,34.0093,20.1506,31999.3,3019.8,0.004,0.01,0,0,0,0
1.5,gnb,ue[1],0,18.1242,500,500,30,948.061,478.772,67.5955,DL,600,0.02,1,450.137,42.515,17.8138,32115,3218.75,0.004,0.004,0,0,0,0
1.5,gnb,ue[2],0,11.8361,500,500,30,904.798,964.397,3.52198,DL,600,0.02,1,616.625,22.6262,12.2797,32111.9,2981.65,0.004,0.004,0,0,0,0
1.5,gnb,ue[3],0,20.698,500,500,30,138.436,584.723,29.0761,DL,600,0.02,1,371.358,30.8478,9.0767,31988.6,3250,0.004,0.004,0,0,0,0
1.5,gnb,ue[4],0,13.2433,500,500,30,272.302,113.42,6.18892,DL,600,0.02,1,449.285,34.404,21.567,32023.5,2850.47,0.004,0.004,0,0,0,0
1.5,gnb,ue[5],0,11.7656,500,500,30,417.5,551.881,66.6817,DL,600,0.02,1,104.132,73.0984,42.5762,32088,3112.24,0.004,0.004,0,0,0,0
1.5,gnb,ue[6],0,1.97147,500,500,30,153.941,432.844,77.9111,DL,600,0.02,1,355.756,35.9882,13.7189,32002,2777.78,0.004,0.01,0,0,0,0
1.5,gnb,ue[7],0,1.02449,500,500,30,586.406,547.5,9.42881,DL,600,0.02,1,100.724,47.0538,50.1869,32047.8,3144.33,0.004,0.004,0,0,0,0
1.5,gnb,ue[8],0,10.2645,500,500,30,589.961,558.777,6.3369,DL,600,0.02,1,110.035,64.8266,42.6281,32061.3,3112.24,0.004,0.004,0,0,0,0
1.5,gnb,ue[9],0,13.6965,500,500,30,209.405,229.601,79.3597,DL,600,0.02,1,399.997,33.9813,6.87958,32023.5,3066.04,0.004,0.004,0,0,0,0
1.6,gnb,ue[0],0,13.093,500,500,30,151.538,259.752,3.92105,DL,600,0.02,1,424.058,27.69,17.8744,31987.4,3019.8,0.004,0.01,0,0,0,0
1.6,gnb,ue[1],0,11.1774,500,500,30,946.943,479.761,67.5955,DL,600,0.02,1,448.978,40.1997,15.0796,32138.8,3218.75,0.004,0.004,0,0,0,0
1.6,gnb,ue[2],0,5.16362,500,500,30,905.006,963.201,3.52198,DL,600,0.02,1,615.863,20.3015,11.6293,32080.3,2981.65,0.004,0.004,0,0,0,0
1.6,gnb,ue[3],0,16.515,500,500,30,139.571,585.41,29.0761,DL,600,0.02,1,370.412,45.994,11.9957,32000,3250,0.004,0.004,0,0,0,0
1.6,gnb,ue[4],0,3.27178,500,500,30,272.267,114.568,6.18892,DL,600,0.02,1,448.316,37.7026,22.2119,31969.8,2850.47,0.004,0.004,0,0,0,0
1.6,gnb,ue[5],0,9.43663,500,500,30,418.467,550.574,66.6817,DL,600,0.02,1,102.718,77.6494,38.2489,32055.4,3112.24,0.004,0.004,0,0,0,0
1.6,gnb,ue[6],0,10.5975,500,500,30,154.098,433.378,77.9111,DL,600,0.02,1,355.503,30.1582,11.3821,32002.5,2777.78,0.004,0.01,0,0,0,0
1.6,gnb,ue[7],0,4.55308,500,500,30,586.331,547.971,9.42881,DL,600,0.02,1,100.884,44.8888,49.0746,32007.6,3144.33,0.004,0.004,0,0,0,0
1.6,gnb,ue[8],0,12.1588,500,500,30,589.425,559.385,6.3369,DL,600,0.02,1,109.924,64.8589,42.0123,32020.2,3112.24,0.004,0.004,0,0,0,0
1.6,gnb,ue[9],0,11.7148,500,500,30,208.733,229.124,79.3597,DL,600,0.02,1,400.808,34.1748,5.43486,32027.7,3066.04,0.004,0.004,0,0,0,0
1.7,gnb,ue[0],0,6.14002,500,500,30,152.657,259.494,3.92105,DL,600,0.02,1,423.286,35.064,22.5536,31981.7,3019.8,0.004,0.01,0,0,0,0
1.7,gnb,ue[1],0,17.575,500,500,30,946.353,480.814,67.5955,DL,600,0.02,1,448.344,39.1856,17.5995,31998.2,3218.75,0.004,0.004,0,0,0,0
1.7,gnb,ue[2],0,11.3633,500,500,30,904.881,962.575,3.52198,DL,600,0.02,1,615.309,25.2883,12.0996,31724.7,2981.65,0.004,0.004,0,0,0,0
1.7,gnb,ue[3],0,19.4308,500,500,30,141.238,586.146,29.0761,DL,600,0.02,1,368.961,48.6851,8.96321,31993.5,3250,0.004,0.004,0,0,0,0
1.7,gnb,ue[4],0,10.9578,500,500,30,272.526,115.262,6.18892,DL,600,0.02,1,447.588,36.6746,20.0274,32029,2850.47,0.004,0.004,0,0,0,0
1.7,gnb,ue[5],0,19.2138,500,500,30,418.9,549.347,66.6817,DL,600,0.02,1,101.773,68.2327,44.962,32124,3112.24,0.004,0.004,0,0,0,0
1.7,gnb,ue[6],0,7.62453,500,500,30,154.396,433.992,77.9111,DL,600,0.02,1,355.098,33.0402,11.5464,31972.2,2777.78,0.004,0.01,0,0,0,0
1.7,gnb,ue[7],0,5.53558,500,500,30,586.331,548.693,9.42881,DL,600,0.02,1,101.229,39.6734,50.1893,32014.8,3144.33,0.004,0.004,0,0,0,0
1.7,gnb,ue[8],0,16.6683,500,500,30,588.718,560.578,6.3369,DL,600,0.02,1,110.002,70.7661,43.0603,31948.5,3112.24,0.004,0.004,0,0,0,0
1.7,gnb,ue[9],0,7.88796,500,500,30,207.499,228.403,79.3597,DL,600,0.02,1,402.192,35.1191,9.10479,31986.4,3066.04,0.004,0.004,0,0,0,0
1.8,gnb,ue[0],0,12.7256,500,500,30,153.524,259.107,3.92105,DL,600,0.02,1,422.794,34.2239,22.1584,31994.4,3019.8,0.004,0.01,0,0,0,0
1.8,gnb,ue[1],0,10.616,500,500,30,945.799,481.952,67.5955,DL,600,0.02,1,447.746,43.2719,20.2239,32025.7,3218.75,0.004,0.004,0,0,0,0
1.8,gnb,ue[2],0,12.3903,500,500,30,904.76,961.578,3.52198,DL,600,0.02,1,614.48,24.1565,9.18861,32056.9,2981.65,0.004,0.004,0,0,0,0
1.8,gnb,ue[3],0,22.8129,500,500,30,143.044,586.671,29.0761,DL,600,0.02,1,367.328,49.0658,6.55926,31967.6,3250,0.004,0.004,0,0,0,0
1.8,gnb,ue[4],0,14.0575,500,500,30,273.002,116.253,6.18892,DL,600,0.02,1,446.494,26.0493,21.0935,31909.6,2850.47,0.004,0.004,0,0,0,0
1.8,gnb,ue[5],0,18.3395,500,500,30,420.141,548.085,66.6817,DL,600,0.02,1,100.176,71.9757,41.1539,32048.1,3112.24,0.004,0.004,0,0,0,0
1.8,gnb,ue[6],0,4.61437,500,500,30,154.646,434.609,77.9111,DL,600,0.02,1,354.74,29.2662,14.5786,31869.7,2777.78,0.01,0.01,0,0,0,0
1.8,gnb,ue[7],0,5.55977,500,500,30,586.419,549.321,9.42881,DL,600,0.02,1,101.607,48.2839,52.7923,32001.1,3144.33,0.004,0.004,0,0,0,0
1.8,gnb,ue[8],0,7.39312,500,500,30,587.751,561.461,6.3369,DL,600,0.02,1,109.716,65.206,41.3587,31976.5,3112.24,0.004,0.004,0,0,0,0
1.8,gnb,ue[9],0,17.2251,500,500,30,206.478,227.762,79.3597,DL,600,0.02,1,403.367,39.2141,4.34144,32059.4,3066.04,0.004,0.004,0,0,0,0
1.9,gnb,ue[0],0,13.6179,500,500,30,154.823,258.245,3.92105,DL,600,0.02,1,422.224,34.1141,16.1946,31967.8,3019.8,0.004,0.01,0,0,0,0
1.9,gnb,ue[1],0,14.7857,500,500,30,945.072,482.81,67.5955,DL,600,0.02,1,446.987,45.4291,10.4868,32018.5,3218.75,0.004,0.004,0,0,0,0
1.9,gnb,ue[2],0,11.0277,500,500,30,904.737,960.573,3.52198,DL,600,0.02,1,613.71,22.1615,12.0096,31759.9,2981.65,0.01,0.004,0,0,0,0
1.9,gnb,ue[3],0,17.1468,500,500,30,144.549,587.282,29.0761,DL,600,0.02,1,366.012,42.2763,9.36963,31959.2,3250,0.004,0.004,0,0,0,0
1.9,gnb,ue[4],0,16.3031,500,500,30,273.616,117.721,6.18892,DL,600,0.02,1,444.92,37.6155,19.3819,31818.2,2850.47,0.01,0.004,0,0,0,0
1.9,gnb,ue[5],0,17.2352,500,500,30,421.084,546.433,66.6817,DL,600,0.02,1,98.637,71.9828,39.9128,32065.2,3112.24,0.004,0.004,0,0,0,0
1.9,gnb,ue[6],0,9.78612,500,500,30,154.815,435.338,77.9111,DL,600,0.02,1,354.443,32.6752,14.6081,31963.5,2777.78,0.004,0.01,0,0,0,0
1.9,gnb,ue[7],0,14.5597,500,500,30,586.486,550.139,9.42881,DL,600,0.02,1,102.063,40.6206,50.2893,31976.2,3144.33,0.004,0.004,0,0,0,0
1.9,gnb,ue[8],0,18.9538,500,500,30,586.716,562.135,6.3369,DL,600,0.02,1,109.272,64.2098,35.1469,31942.3,3112.24,0.004,0.004,0,0,0,0
1.9,gnb,ue[9],0,15.6367,500,500,30,205.193,227.079,79.3597,DL,600,0.02,1,404.763,39.3213,10.9223,31946.6,3066.04,0.01,0.004,0,0,0,0
2,gnb,ue[0],0,16.9698,500,500,30,156.128,257.364,3.92105,DL,600,0.02,1,421.664,32.4401,16.7554,31893.8,3019.8,0.01,0.01,0,0,0,0
2,gnb,ue[1],0,20.2397,500,500,30,944.309,484.347,67.5955,DL,600,0.02,1,446.171,43.7704,11.8999,32066.5,3218.75,0.004,0.004,0,0,0,0
2,gnb,ue[2],0,12.0195,500,500,30,904.735,959.377,3.52198,DL,600,0.02,1,612.812,24.2144,9.15974,31832.2,2981.65,0.004,0.004,0,0,0,0
2,gnb,ue[3],0,19.3013,500,500,30,146.273,587.904,29.0761,DL,600,0.02,1,364.487,48.348,6.02824,31953.7,3250,0.004,0.004,0,0,0,0
2,gnb,ue[4],0,9.23434,500,500,30,274.007,119.371,6.18892,DL,600,0.02,1,443.304,29.6826,20.6459,31937.7,2850.47,0.004,0.004,0,0,0,0
2,gnb,ue[5],0,10.6827,500,500,30,422.336,544.994,66.6817,DL,600,0.02,1,96.962,69.6023,42.482,32052.4,3112.24,0.004,0.004,0,0,0,0
2,gnb,ue[6],0,0.259553,500,500,30,155.189,436.005,77.9111,DL,600,0.02,1,353.957,38.9284,12.7863,31901.7,2777.78,0.004,0.01,0,0,0,0
2,gnb,ue[7],0,1.21683,500,500,30,586.397,551.053,9.42881,DL,600,0.02,1,102.44,48.2027,51.4989,31965.8,3144.33,0.004,0.004,0,0,0,0
2,gnb,ue[8],0,14.785,500,500,30,585.825,563.44,6.3369,DL,600,0.02,1,109.319,64.8505,31.0579,31941.6,3112.24,0.004,0.004,0,0,0,0
2,gnb,ue[9],0,9.38279,500,500,30,204.228,226.175,79.3597,DL,600,0.02,1,406.075,32.7029,9.89342,31933.7,3066.04,0.004,0.004,0,0,0,0
2.1,gnb,ue[0],0,11.1631,500,500,30,157.217,256.548,3.92105,DL,600,0.02,1,421.247,29.8801,18.6262,31954.6,3019.8,0.004,0.01,0,0,0,0
2.1,gnb,ue[1],0,11.4235,500,500,30,943.353,485.561,67.5955,DL,600,0.02,1,445.179,45.6495,13.2291,32025.4,3218.75,0.004,0.004,0,0,0,0
2.1,gnb,ue[2],0,6.41795,500,500,30,904.553,958.181,3.52198,DL,600,0.02,1,611.796,22.5277,14.0233,31961.8,2981.65,0.004,0.004,0,0,0,0
2.1,gnb,ue[3],0,17.4868,500,500,30,148.127,588.561,29.0761,DL,600,0.02,1,362.848,41.3906,7.52059,31987.1,3250,0.004,0.004,0,0,0,0
2.1,gnb,ue[4],0,15.6682,500,500,30,273.975,120.3,6.18892,DL,600,0.02,1,442.523,27.7219,23.2971,31927.8,2850.47,0.004,0.004,0,0,0,0
2.1,gnb,ue[5],0,17.2067,500,500,30,422.887,543.924,66.6817,DL,600,0.02,1,96.0278,67.6988,46.3398,31990.9,3112.24,0.004,0.004,0,0,0,0
2.1,gnb,ue[6],0,17.2508,500,500,30,155.463,436.389,77.9111,DL,600,0.02,1,353.62,33.4793,14.7216,31941.1,2777.78,0.004,0.01,0,0,0,0
2.1,gnb,ue[7],0,13.8793,500,500,30,586.344,551.446,9.42881,DL,600,0.02,1,102.592,50.035,52.333,31944.9,3144.33,0.004,0.004,0,0,0,0
2.1,gnb,ue[8],0,17.9495,500,500,30,584.576,564.364,6.3369,DL,600,0.02,1,108.884,64.3554,26.4424,31920.1,3112.24,0.004,0.004,0,0,0,0
2.1,gnb,ue[9],0,6.74103,500,500,30,203.284,225.778,79.3597,DL,600,0.02,1,407.032,37.7657,12.4023,32019.7,3066.04,0.004,0.004,0,0,0,0
2.2,gnb,ue[0],0,14.2815,500,500,30,158.323,256.015,3.92105,DL,600,0.02,1,420.657,32.2693,20.4001,31971.7,3019.8,0.004,0.01,0,0,0,0
2.2,gnb,ue[1],0,17.9644,500,500,30,942.455,486.755,67.5955,DL,600,0.02,1,444.247,44.8406,9.98851,31940.7,3218.75,0.01,0.004,0,0,0,0
2.2,gnb,ue[2],0,0.789545,500,500,30,904.73,957.433,3.52198,DL,600,0.02,1,611.353,21.9705,10.1472,32033.7,2981.65,0.004,0.004,0,0,0,0
2.2,gnb,ue[3],0,11.5901,500,500,30,149.198,589.331,29.0761,DL,600,0.02,1,361.998,47.6243,10.2631,31946.1,3250,0.004,0.004,0,0,0,0
2.2,gnb,ue[4],0,11.8821,500,500,30,274.335,121.525,6.18892,DL,600,0.02,1,441.288,33.039,22.8593,31922.4,2850.47,0.004,0.004,0,0,0,0
2.2,gnb,ue[5],0,18.1579,500,500,30,423.76,542.395,66.6817,DL,600,0.02,1,94.6328,68.0125,45.1061,31995.4,3112.24,0.004,0.004,0,0,0,0
2.2,gnb,ue[6],0,6.092,500,500,30,155.848,437.187,77.9111,DL,600,0.02,1,353.103,39.2724,13.6965,31893.3,2777.78,0.004,0.01,0,0,0,0
2.2,gnb,ue[7],0,8.52066,500,500,30,586.494,552.404,9.42881,DL,600,0.02,1,103.201,47.5873,50.7346,31831.4,3144.33,0.01,0.004,0,0,0,0
2.2,gnb,ue[8],0,10.0527,500,500,30,583.683,565.542,6.3369,DL,600,0.02,1,108.897,68.4953,27.6962,31942.4,3112.24,0.004,0.004,0,0,0,0
2.2,gnb,ue[9],0,10.1643,500,500,30,202.05,225.475,79.3597,DL,600,0.02,1,408.135,38.1157,11.7111,32004.6,3066.04,0.004,0.004,0,0,0,0
2.3,gnb,ue[0],0,12.741,500,500,30,159.789,256.062,3.92105,DL,600,0.02,1,419.439,36.4372,21.4493,31924.6,3019.8,0.004,0.01,0,0,0,0
2.3,gnb,ue[1],0,15.2158,500,500,30,941.701,487.534,67.5955,DL,600,0.02,1,443.474,40.7964,5.80291,31976.8,3218.75,0.004,0.004,0,0,0,0
2.3,gnb,ue[2],0,11.16,500,500,30,904.557,956.801,3.52198,DL,600,0.02,1,610.766,23.7141,11.1915,31832.2,2981.65,0.004,0.004,0,0,0,0
2.3,gnb,ue[3],0,14.4224,500,500,30,150.404,589.953,29.0761,DL,600,0.02,1,360.984,48.5156,9.17446,31941.9,3250,0.004,0.004,0,0,0,0
2.3,gnb,ue[4],0,16.4872,500,500,30,274.78,123.079,6.18892,DL,600,0.02,1,439.728,34.976,21.1838,31905.3,2850.47,0.004,0.004,0,0,0,0
2.3,gnb,ue[5],0,17.7029,500,500,30,424.654,540.522,66.6817,DL,600,0.02,1,93.0839,71.9328,42.1815,31985.6,3112.24,0.004,0.004,0,0,0,0
2.3,gnb,ue[6],0,7.39932,500,500,30,156.109,437.506,77.9111,DL,600,0.02,1,352.792,36.8962,12.5049,31971.6,2777.78,0.004,0.01,0,0,0,0
2.3,gnb,ue[7],0,8.13994,500,500,30,586.473,553.192,9.42881,DL,600,0.02,1,103.587,44.4651,49.4725,31969.8,3144.33,0.004,0.004,0,0,0,0
2.3,gnb,ue[8],0,17.1744,500,500,30,582.907,566.962,6.3369,DL,600,0.02,1,109.167,68.4744,27.2496,31947.1,3112.24,0.004,0.004,0,0,0,0
2.3,gnb,ue[9],0,14.7368,500,500,30,201.053,225.183,79.3597,DL,600,0.02,1,409.06,38.6847,7.77943,31926.2,3066.04,0.004,0.004,0,0,0,0
2.4,gnb,ue[0],0,20.1542,500,500,30,161.196,255.468,3.92105,DL,600,0.02,1,418.646,33.1213,20.469,31869.8,3019.8,0.01,0.01,0,0,0,0
2.4,gnb,ue[1],0,14.3989,500,500,30,940.777,488.951,67.5955,DL,600,0.02,1,442.515,48.407,11.1461,31956.5,3218.75,0.004,0.004,0,0,0,0
2.4,gnb,ue[2],0,8.56165,500,500,30,904.386,956.158,3.52198,DL,600,0.02,1,610.171,24.803,15.6125,32033.4,2981.65,0.004,0.004,0,0,0,0
2.4,gnb,ue[3],0,22.65,500,500,30,152.048,591.032,29.0761,DL,600,0.02,1,359.664,48.8603,11.7671,31948.1,3250,0.004,0.004,0,0,0,0
2.4,gnb,ue[4],0,3.61594,500,500,30,274.906,123.779,6.18892,DL,600,0.02,1,439.063,28.1745,22.0751,31903,2850.47,0.004,0.004,0,0,0,0
2.4,gnb,ue[5],0,13.4912,500,500,30,425.672,539.897,66.6817,DL,600,0.02,1,91.9885,76.535,46.7113,31951.5,3112.24,0.004,0.004,0,0,0,0
2.4,gnb,ue[6],0,7.50092,500,500,30,156.573,438.154,77.9111,DL,600,0.02,1,352.225,36.8301,13.8865,31966.5,2777.78,0.004,0.01,0,0,0,0
2.4,gnb,ue[7],0,5.37112,500,500,30,586.461,553.953,9.42881,DL,600,0.02,1,103.969,46.7803,49.6308,31907.9,3144.33,0.004,0.004,0,0,0,0
2.4,gnb,ue[8],0,14.298,500,500,30,581.961,567.889,6.3369,DL,600,0.02,1,109.025,69.089,30.5098,31954.7,3112.24,0.004,0.004,0,0,0,0
2.4,gnb,ue[9],0,7.51642,500,500,30,199.663,224.317,79.3597,DL,600,0.02,1,410.658,33.5239,11.8237,31971.5,3066.04,0.004,0.004,0,0,0,0
2.5,gnb,ue[0],0,17.3864,500,500,30,162.636,254.846,3.92105,DL,600,0.02,1,417.846,33.3543,21.5694,31945.8,3019.8,0.004,0.01,0,0,0,0
2.5,gnb,ue[1],0,18.1852,500,500,30,939.469,490.197,67.5955,DL,600,0.02,1,441.183,42.8436,13.3567,31965,3218.75,0.004,0.004,0,0,0,0
2.5,gnb,ue[2],0,9.53393,500,500,30,904.432,955.457,3.52198,DL,600,0.02,1,609.678,24.3342,9.40566,31819.8,2981.65,0.01,0.004,0,0,0,0
2.5,gnb,ue[3],0,14.1882,500,500,30,153.237,591.797,29.0761,DL,600,0.02,1,358.709,45.2188,10.4015,31960.2,3250,0.004,0.004,0,0,0,0
2.5,gnb,ue[4],0,5.14431,500,500,30,275.02,124.206,6.18892,DL,600,0.02,1,438.638,28.9511,18.7264,31884.9,2850.47,0.004,0.004,0,0,0,0
2.5,gnb,ue[5],0,16.7198,500,500,30,426.781,538.878,66.6817,DL,600,0.02,1,90.6534,72.8518,46.4739,32008.5,3112.24,0.004,0.004,0,0,0,0
2.5,gnb,ue[6],0,13.7743,500,500,30,157.033,438.893,77.9111,DL,600,0.02,1,351.648,38.6455,13.322,31968.2,2777.78,0.004,0.01,0,0,0,0
2.5,gnb,ue[7],0,2.50543,500,500,30,586.366,554.414,9.42881,DL,600,0.02,1,104.131,44.7973,48.0506,31888,3144.33,0.004,0.004,0,0,0,0
2.5,gnb,ue[8],0,4.78946,500,500,30,581.279,568.616,6.3369,DL,600,0.02,1,108.97,64.7388,25.1884,31910.4,3112.24,0.004,0.004,0,0,0,0
2.5,gnb,ue[9],0,18.3538,500,500,30,198.627,223.434,79.3597,DL,600,0.02,1,412.008,35.2924,9.83195,31923.3,3066.04,0.004,0.004,0,0,0,0
2.6,gnb,ue[0],0,11.4431,500,500,30,163.965,253.762,3.92105,DL,600,0.02,1,417.412,33.2519,19.5124,31943.7,3019.8,0.004,0.01,0,0,0,0
2.6,gnb,ue[1],0,16.0114,500,500,30,938.331,491.391,67.5955,DL,600,0.02,1,440.024,47.8672,10.564,31993,3218.75,0.004,0.004,0,0,0,0
2.6,gnb,ue[2],0,7.8125,500,500,30,904.523,954.82,3.52198,DL,600,0.02,1,609.263,28.6843,10.6347,31962.3,2981.65,0.01,0.004,0,0,0,0
2.6,gnb,ue[3],0,20.5275,500,500,30,154.868,592.421,29.0761,DL,600,0.02,1,357.293,46.8713,12.3046,31952.8,3250,0.004,0.004,0,0,0,0
2.6,gnb,ue[4],0,6.8796,500,500,30,275.192,124.873,6.18892,DL,600,0.02,1,437.979,29.4863,20.2216,31892.7,2850.47,0.004,0.004,0,0,0,0
2.6,gnb,ue[5],0,23.5135,500,500,30,428.102,537.787,66.6817,DL,600,0.02,1,89.1224,71.7876,45.7747,31946.7,3112.24,0.004,0.004,0,0,0,0
2.6,gnb,ue[6],0,11.5427,500,500,30,157.552,439.606,77.9111,DL,600,0.02,1,351.018,34.5162,14.4191,31931.2,2777.78,0.004,0.01,0,0,0,0
2.6,gnb,ue[7],0,5.24286,500,500,30,586.481,554.981,9.42881,DL,600,0.02,1,104.524,43.6864,45.2375,31943.5,3144.33,0.004,0.004,0,0,0,0
2.6,gnb,ue[8],0,14.4015,500,500,30,580.688,569.431,6.3369,DL,600,0.02,1,109.047,64.8913,27.7422,31880.3,3112.24,0.004,0.004,0,0,0,0
2.6,gnb,ue[9],0,17.8501,500,500,30,197.042,222.818,79.3597,DL,600,0.02,1,413.582,40.5933,12.6391,31931.2,3066.04,0.004,0.004,0,0,0,0
2.7,gnb,ue[0],0,7.77482,500,500,30,165.024,253.234,3.92105,DL,600,0.02,1,416.872,34.6388,14.5538,31937.2,3019.8,0.004,0.01,0,0,0,0
2.7,gnb,ue[1],0,19.2047,500,500,30,936.911,492.323,67.5955,DL,600,0.02,1,438.592,44.2167,9.3782,31946.1,3218.75,0.004,0.004,0,0,0,0
2.7,gnb,ue[2],0,7.96867,500,500,30,904.792,953.965,3.52198,DL,600,0.02,1,608.804,20.3608,14.1076,31950.7,2981.65,0.01,0.004,0,0,0,0
2.7,gnb,ue[3],0,13.8167,500,500,30,156.174,593.197,29.0761,DL,600,0.02,1,356.234,46.2946,8.31831,31914.9,3250,0.004,0.004,0,0,0,0
2.7,gnb,ue[4],0,16.4154,500,500,30,275.678,125.963,6.18892,DL,600,0.02,1,436.796,25.0725,18.523,31821.7,2850.47,0.01,0.004,0,0,0,0
2.7,gnb,ue[5],0,20.2322,500,500,30,429.317,536.409,66.6817,DL,600,0.02,1,87.5627,76.0384,46.6305,31986.2,3112.24,0.004,0.004,0,0,0,0
2.7,gnb,ue[6],0,8.09896,500,500,30,158.12,440.672,77.9111,DL,600,0.02,1,350.282,40.6969,18.2227,31867.5,2777.78,0.01,0.01,0,0,0,0
2.7,gnb,ue[7],0,15.6377,500,500,30,586.307,555.682,9.42881,DL,600,0.02,1,104.75,45.6374,50.2346,31916.3,3144.33,0.004,0.004,0,0,0,0
2.7,gnb,ue[8],0,14.5172,500,500,30,579.66,570.085,6.3369,DL,600,0.02,1,108.709,65.5264,29.1214,31920.7,3112.24,0.004,0.004,0,0,0,0
2.7,gnb,ue[9],0,19.9055,500,500,30,195.979,221.921,79.3597,DL,600,0.02,1,414.961,35.8122,8.82642,31928.2,3066.04,0.004,0.004,0,0,0,0
2.8,gnb,ue[0],0,15.3623,500,500,30,165.87,252.766,3.92105,DL,600,0.02,1,416.47,36.6106,17.5901,31934.1,3019.8,0.004,0.01,0,0,0,0
2.8,gnb,ue[1],0,15.1721,500,500,30,935.739,493.181,67.5955,DL,600,0.02,1,437.411,45.984,9.73825,31931.2,3218.75,0.004,0.004,0,0,0,0
2.8,gnb,ue[2],0,12.0247,500,500,30,904.705,952.755,3.52198,DL,600,0.02,1,607.844,21.7358,12.5048,31844.6,2981.65,0.01,0.004,0,0,0,0
2.8,gnb,ue[3],0,16.6833,500,500,30,157.704,593.951,29.0761,DL,600,0.02,1,354.957,48.8007,11.646,31934,3250,0.004,0.004,0,0,0,0
2.8,gnb,ue[4],0,8.09713,500,500,30,275.986,127.183,6.18892,DL,600,0.02,1,435.594,27.1656,21.5533,31889.7,2850.47,0.004,0.004,0,0,0,0
2.8,gnb,ue[5],0,14.724,500,500,30,430.187,534.873,66.6817,DL,600,0.02,1,86.2294,71.4763,47.6244,31968.4,3112.24,0.004,0.004,0,0,0,0
2.8,gnb,ue[6],0,11.3303,500,500,30,158.701,441.637,77.9111,DL,600,0.02,1,349.552,39.9762,18.7154,31922.6,2777.78,0.004,0.01,0,0,0,0
2.8,gnb,ue[7],0,8.21871,500,500,30,586.245,556.624,9.42881,DL,600,0.02,1,105.203,46.3166,45.4789,31906.7,3144.33,0.004,0.004,0,0,0,0
2.8,gnb,ue[8],0,9.80794,500,500,30,578.792,570.965,6.3369,DL,600,0.02,1,108.647,50.52,29.4735,31876.7,3112.24,0.004,0.004,0,0,0,0
2.8,gnb,ue[9],0,12.805,500,500,30,194.905,220.308,79.3597,DL,600,0.02,1,416.83,38.6556,10.9813,31952.6,3066.04,0.004,0.004,0,0,0,0
2.9,gnb,ue[0],0,17.6645,500,500,30,167.3,252.088,3.92105,DL,600,0.02,1,415.728,34.4078,21.2365,31933.9,3019.8,0.004,0.01,0,0,0,0
2.9,gnb,ue[1],0,19.6248,500,500,30,934.552,494.316,67.5955,DL,600,0.02,1,436.212,41.5195,7.9836,31921.5,3218.75,0.004,0.004,0,0,0,0
2.9,gnb,ue[2],0,16.7321,500,500,30,904.765,951.158,3.52198,DL,600,0.02,1,606.695,20.1988,13.7715,31961.7,2981.65,0.01,0.004,0,0,0,0
2.9,gnb,ue[3],0,8.92426,500,500,30,158.933,594.125,29.0761,DL,600,0.02,1,353.818,48.0108,6.25907,31920,3250,0.004,0.004,0,0,0,0
2.9,gnb,ue[4],0,10.4715,500,500,30,276.054,127.92,6.18892,DL,600,0.02,1,434.928,35.2144,15.2332,31889.7,2850.47,0.004,0.004,0,0,0,0
2.9,gnb,ue[5],0,13.1671,500,500,30,430.772,533.466,66.6817,DL,600,0.02,1,85.194,76.9149,45.314,31954.6,3112.24,0.004,0.004,0,0,0,0
2.9,gnb,ue[6],0,2.33066,500,500,30,159.063,442.137,77.9111,DL,600,0.02,1,349.116,42.9552,18.8804,31931.1,2777.78,0.004,0.01,0,0,0,0
2.9,gnb,ue[7],0,6.32317,500,500,30,586.089,557.209,9.42881,DL,600,0.02,1,105.391,49.0796,43.3608,31877.1,3144.33,0.004,0.004,0,0,0,0
2.9,gnb,ue[8],0,13.7261,500,500,30,577.548,572.25,6.3369,DL,600,0.02,1,108.599,57.9278,30.8398,31926.9,3112.24,0.004,0.004,0,0,0,0
2.9,gnb,ue[9],0,13.9548,500,500,30,193.794,219.493,79.3597,DL,600,0.02,1,418.19,39.9082,12.6044,31935.2,3066.04,0.004,0.004,0,0,0,0
3,gnb,ue[0],0,16.5849,500,500,30,169.015,251.971,3.92105,DL,600,0.02,1,414.427,29.6648,19.7802,31919.1,3019.8,0.004,0.01,0,0,0,0
3,gnb,ue[1],0,20.1868,500,500,30,933.035,495.566,67.5955,DL,600,0.02,1,434.687,44.2577,12.7623,31959.1,3218.75,0.004,0.004,0,0,0,0
3,gnb,ue[2],0,7.38572,500,500,30,904.756,949.532,3.52198,DL,600,0.02,1,605.481,28.5043,12.6293,32003.3,2981.65,0.004,0.004,0,0,0,0
3,gnb,ue[3],0,17.9688,500,500,30,160.236,594.674,29.0761,DL,600,0.02,1,352.709,38.1035,9.72624,31893.7,3250,0.004,0.004,0,0,0,0
3,gnb,ue[4],0,15.5748,500,500,30,276.319,128.908,6.18892,DL,600,0.02,1,433.946,23.9351,23.1762,31877.9,2850.47,0.004,0.004,0,0,0,0
3,gnb,ue[5],0,18.6368,500,500,30,431.264,531.797,66.6817,DL,600,0.02,1,84.1501,71.1729,43.4102,31941.8,3112.24,0.004,0.004,0,0,0,0
3,gnb,ue[6],0,10.5648,500,500,30,159.647,442.802,77.9111,DL,600,0.02,1,348.436,37.5194,11.9842,31905.7,2777.78,0.004,0.01,0,0,0,0
3,gnb,ue[7],0,8.99339,500,500,30,586.086,557.961,9.42881,DL,600,0.02,1,105.799,43.3525,43.0401,31894.9,3144.33,0.004,0.004,0,0,0,0
3,gnb,ue[8],0,17.3705,500,500,30,576.595,573.541,6.3369,DL,600,0.02,1,108.789,55.7717,32.9082,31881.6,3112.24,0.004,0.004,0,0,0,0
3,gnb,ue[9],0,14.7362,500,500,30,192.779,218.867,79.3597,DL,600,0.02,1,419.353,36.8452,8.09021,31937.7,3066.04,0.004,0.004,0,0,0,0
3.1,gnb,ue[0],0,9.35881,500,500,30,170.228,251.357,3.92105,DL,600,0.02,1,413.827,34.6068,17.8471,31916.9,3019.8,0.004,0.01,0,0,0,0
3.1,gnb,ue[1],0,17.6039,500,500,30,932.002,496.381,67.5955,DL,600,0.02,1,433.65,41.044,11.0773,31942.7,3218.75,0.004,0.004,0,0,0,0
3.1,gnb,ue[2],0,12.5831,500,500,30,904.888,948.521,3.52198,DL,600,0.02,1,604.82,23.1714,10.6847,31842.5,2981.65,0.004,0.004,0,0,0,0
3.1,gnb,ue[3],0,14.056,500,500,30,161.821,595.07,29.0761,DL,600,0.02,1,351.289,39.9067,14.6887,31909,3250,0.004,0.004,0,0,0,0
3.1,gnb,ue[4],0,14.9986,500,500,30,276.13,130.476,6.18892,DL,600,0.02,1,432.704,28.1043,22.08,31875.5,2850.47,0.004,0.004,0,0,0,0
3.1,gnb,ue[5],0,14.6931,500,500,30,432.048,530.558,66.6817,DL,600,0.02,1,83.0466,76.6867,55.9691,31940.1,3112.24,0.004,0.004,0,0,0,0
3.1,gnb,ue[6],0,13.402,500,500,30,160.424,443.517,77.9111,DL,600,0.02,1,347.56,39.4166,17.0032,31902.6,2777.78,0.004,0.01,0,0,0,0
3.1,gnb,ue[7],0,10.0317,500,500,30,585.954,558.87,9.42881,DL,600,0.02,1,106.193,52.3354,43.7625,31868.9,3144.33,0.004,0.004,0,0,0,0
3.1,gnb,ue[8],0,13.5265,500,500,30,575.745,574.986,6.3369,DL,600,0.02,1,109.179,57.9241,30.9844,31911.5,3112.24,0.004,0.004,0,0,0,0
3.1,gnb,ue[9],0,15.6989,500,500,30,191.296,217.7,79.3597,DL,600,0.02,1,421.222,39.6025,12.7872,31932.3,3066.04,0.004,0.004,0,0,0,0
3.2,gnb,ue[0],0,17.6542,500,500,30,171.409,250.676,3.92105,DL,600,0.02,1,413.297,31.2642,20.235,31864.9,3019.8,0.01,0.01,0,0,0,0
3.2,gnb,ue[1],0,22.2456,500,500,30,930.735,497.322,67.5955,DL,600,0.02,1,432.381,34.9131,13.4075,31909.7,3218.75,0.004,0.004,0,0,0,0
3.2,gnb,ue[2],0,13.2314,500,500,30,904.892,947.652,3.52198,DL,600,0.02,1,604.178,19.6277,9.52392,31905.4,2981.65,0.004,0.004,0,0,0,0
3.2,gnb,ue[3],0,20.3262,500,500,30,163.334,595.137,29.0761,DL,600,0.02,1,349.851,44.9033,10.3441,31904.7,3250,0.004,0.004,0,0,0,0
3.2,gnb,ue[4],0,10.8333,500,500,30,276.186,131.602,6.18892,DL,600,0.02,1,431.714,21.1174,19.8265,31729.9,2850.47,0.032,0.004,0,0,0,0
3.2,gnb,ue[5],0,16.6108,500,500,30,433.134,529.478,66.6817,DL,600,0.02,1,81.7655,73.9714,58.9327,31963.6,3112.24,0.004,0.004,0,0,0,0
3.2,gnb,ue[6],0,12.5455,500,500,30,160.58,444.068,77.9111,DL,600,0.02,1,347.318,34.7209,16.8229,31877.2,2777.78,0.01,0.01,0,0,0,0
3.2,gnb,ue[7],0,4.95214,500,500,30,585.899,559.754,9.42881,DL,600,0.02,1,106.642,42.6962,44.2784,31892.1,3144.33,0.004,0.004,0,0,0,0
3.2,gnb,ue[8],0,11.8285,500,500,30,575.301,575.613,6.3369,DL,600,0.02,1,109.305,58.9753,30.4576,31887.1,3112.24,0.004,0.004,0,0,0,0
3.2,gnb,ue[9],0,10.62,500,500,30,190.448,216.954,79.3597,DL,600,0.02,1,422.344,38.3768,11.9043,31875.9,3066.04,0.004,0.004,0,0,0,0
3.3,gnb,ue[0],0,16.9629,500,500,30,172.849,250.074,3.92105,DL,600,0.02,1,412.517,28.9566,21.1426,31920.1,3019.8,0.004,0.01,0,0,0,0
3.3,gnb,ue[1],0,16.5029,500,500,30,930.071,498.284,67.5955,DL,600,0.02,1,431.715,38.222,10.7506,31909.1,3218.75,0.004,0.004,0,0,0,0
3.3,gnb,ue[2],0,18.303,500,500,30,904.922,946.542,3.52198,DL,600,0.02,1,603.377,21.0312,10.6589,31999.1,2981.65,0.004,0.004,0,0,0,0
3.3,gnb,ue[3],0,17.7001,500,500,30,164.929,596.074,29.0761,DL,600,0.02,1,348.574,38.9576,13.1945,31929.7,3250,0.004,0.004,0,0,0,0
3.3,gnb,ue[4],0,4.94736,500,500,30,276.586,132.165,6.18892,DL,600,0.02,1,431.026,22.8235,17.8482,31825.7,2850.47,0.01,0.004,0,0,0,0
3.3,gnb,ue[5],0,10.6719,500,500,30,434.061,528.534,66.6817,DL,600,0.02,1,80.6701,76.8533,56.1457,31912.8,3112.24,0.004,0.004,0,0,0,0
3.3,gnb,ue[6],0,3.58102,500,500,30,160.879,445.095,77.9111,DL,600,0.02,1,346.861,36.6111,19.3484,31921.2,2777.78,0.004,0.01,0,0,0,0
3.3,gnb,ue[7],0,8.8585,500,500,30,586.033,560.207,9.42881,DL,600,0.02,1,107.003,46.1208,40.8688,31876.2,3144.33,0.004,0.004,0,0,0,0
3.3,gnb,ue[8],0,17.2264,500,500,30,574.45,576.563,6.3369,DL,600,0.02,1,109.382,55.6151,25.912,31912.6,3112.24,0.004,0.004,0,0,0,0
3.3,gnb,ue[9],0,13.1219,500,500,30,189.346,216.174,79.3597,DL,600,0.02,1,423.674,37.3953,9.98708,31825.5,3066.04,0.01,0.004,0,0,0,0
3.4,gnb,ue[0],0,17.1004,500,500,30,174.139,249.563,3.92105,DL,600,0.02,1,411.806,35.9796,21.2829,31918,3019.8,0.004,0.01,0,0,0,0
3.4,gnb,ue[1],0,17.1042,500,500,30,929.021,499.86,67.5955,DL,600,0.02,1,430.665,40.9356,11.8671,31952.1,3218.75,0.004,0.004,0,0,0,0
3.4,gnb,ue[2],0,18.3177,500,500,30,904.639,945.093,3.52198,DL,600,0.02,1,602.114,23.0292,10.725,31995.9,2981.65,0.004,0.004,0,0,0,0
3.4,gnb,ue[3],0,14.4799,500,500,30,166.952,596.661,29.0761,DL,600,0.02,1,346.792,40.0656,12.2886,31907.3,3250,0.004,0.004,0,0,0,0
3.4,gnb,ue[4],0,3.04439,500,500,30,276.791,132.895,6.18892,DL,600,0.02,1,430.297,27.815,23.7566,31882.7,2850.47,0.004,0.004,0,0,0,0
3.4,gnb,ue[5],0,22.0724,500,500,30,434.89,527.653,66.6817,DL,600,0.02,1,79.6844,72.8361,52.7246,31935.6,3112.24,0.004,0.004,0,0,0,0
3.4,gnb,ue[6],0,0.445771,500,500,30,161.064,445.391,77.9111,DL,600,0.02,1,346.634,37.1033,17.8305,31892,2777.78,0.004,0.01,0,0,0,0
3.4,gnb,ue[7],0,12.5677,500,500,30,586.028,561.122,9.42881,DL,600,0.02,1,107.517,47.5382,39.2804,31866,3144.33,0.004,0.004,0,0,0,0
3.4,gnb,ue[8],0,14.7649,500,500,30,573.213,577.668,6.3369,DL,600,0.02,1,109.327,57.0901,32.0245,31896.6,3112.24,0.004,0.004,0,0,0,0
3.4,gnb,ue[9],0,14.4907,500,500,30,188.337,215.363,79.3597,DL,600,0.02,1,424.957,33.7897,9.4339,31869.6,3066.04,0.004,0.004,0,0,0,0
3.5,gnb,ue[0],0,19.7547,500,500,30,175.403,248.835,3.92105,DL,600,0.02,1,411.251,31.532,20.661,31860.2,3019.8,0.01,0.01,0,0,0,0
3.5,gnb,ue[1],0,19.5523,500,500,30,928.446,501.249,67.5955,DL,600,0.02,1,430.094,41.8541,14.6709,31916,3218.75,0.004,0.004,0,0,0,0
3.5,gnb,ue[2],0,7.38095,500,500,30,904.217,943.807,3.52198,DL,600,0.02,1,600.88,22.6905,8.64853,32003.1,2981.65,0.004,0.004,0,0,0,0
3.5,gnb,ue[3],0,16.4789,500,500,30,168.654,597.251,29.0761,DL,600,0.02,1,345.325,41.3959,15.4758,31895.4,3250,0.004,0.004,0,0,0,0
3.5,gnb,ue[4],0,15.6098,500,500,30,276.835,133.784,6.18892,DL,600,0.02,1,429.516,28.149,22.5071,31881.7,2850.47,0.004,0.004,0,0,0,0
3.5,gnb,ue[5],0,21.8934,500,500,30,436.2,526.298,66.6817,DL,600,0.02,1,78.1514,75.0888,52.1914,31922.9,3112.24,0.004,0.004,0,0,0,0
3.5,gnb,ue[6],0,11.7629,500,500,30,161.217,445.789,77.9111,DL,600,0.02,1,346.422,38.4497,18.3143,31914.8,2777.78,0.004,0.01,0,0,0,0
3.5,gnb,ue[7],0,6.15919,500,500,30,586.09,562.082,9.42881,DL,600,0.02,1,108.115,47.8811,42.449,31889.6,3144.33,0.004,0.004,0,0,0,0
3.5,gnb,ue[8],0,15.3447,500,500,30,572.16,578.572,6.3369,DL,600,0.02,1,109.273,58.6082,28.6308,31901,3112.24,0.004,0.004,0,0,0,0
3.5,gnb,ue[9],0,16.8005,500,500,30,187.294,214.597,79.3597,DL,600,0.02,1,426.235,39.0149,7.42983,31865.6,3066.04,0.004,0.004,0,0,0,0
3.6,gnb,ue[0],0,16.7732,500,500,30,177.031,247.932,3.92105,DL,600,0.02,1,410.521,32.7676,18.4224,31905.3,3019.8,0.004,0.01,0,0,0,0
3.6,gnb,ue[1],0,5.677,500,500,30,927.729,501.942,67.5955,DL,600,0.02,1,429.383,37.8303,9.75733,31940.9,3218.75,0.004,0.004,0,0,0,0
3.6,gnb,ue[2],0,12.0851,500,500,30,904.179,942.674,3.52198,DL,600,0.02,1,600.018,20.4032,11.0792,31983.3,2981.65,0.004,0.004,0,0,0,0
3.6,gnb,ue[3],0,15.4895,500,500,30,170.28,597.691,29.0761,DL,600,0.02,1,343.889,38.8857,19.1226,31881.9,3250,0.004,0.004,0,0,0,0
3.6,gnb,ue[4],0,0.713416,500,500,30,276.898,134.67,6.18892,DL,600,0.02,1,428.727,29.0502,26.0462,31873.1,2850.47,0.004,0.004,0,0,0,0
3.6,gnb,ue[5],0,16.5115,500,500,30,437.596,524.866,66.6817,DL,600,0.02,1,76.5388,75.6797,55.3898,31906.4,3112.24,0.004,0.004,0,0,0,0
3.6,gnb,ue[6],0,10.4219,500,500,30,161.967,446.585,77.9111,DL,600,0.02,1,345.564,38.2524,11.5227,31914.1,2777.78,0.004,0.01,0,0,0,0
3.6,gnb,ue[7],0,9.63937,500,500,30,586.075,562.92,9.42881,DL,600,0.02,1,108.586,49.729,43.0457,31867.3,3144.33,0.004,0.004,0,0,0,0
3.6,gnb,ue[8],0,11.2374,500,500,30,570.97,579.416,6.3369,DL,600,0.02,1,109.103,53.8903,29.4681,31861.8,3112.24,0.004,0.004,0,0,0,0
3.6,gnb,ue[9],0,12.9959,500,500,30,186.361,213.92,79.3597,DL,600,0.02,1,427.373,37.6037,12.4724,31855.2,3066.04,0.01,0.004,0,0,0,0
3.7,gnb,ue[0],0,17.0695,500,500,30,178.472,247.579,3.92105,DL,600,0.02,1,409.606,34.6253,17.8295,31886.6,3019.8,0.004,0.01,0,0,0,0
3.7,gnb,ue[1],0,18.1192,500,500,30,927.163,502.995,67.5955,DL,600,0.02,1,428.825,40.1903,10.2981,31927.6,3218.75,0.004,0.004,0,0,0,0
3.7,gnb,ue[2],0,6.95689,500,500,30,904.128,941.711,3.52198,DL,600,0.02,1,599.274,20.5597,8.56482,31982.9,2981.65,0.004,0.004,0,0,0,0
3.7,gnb,ue[3],0,16.3478,500,500,30,171.454,597.76,29.0761,DL,600,0.02,1,342.783,41.5805,15.1347,31879.9,3250,0.004,0.004,0,0,0,0
3.7,gnb,ue[4],0,6.72637,500,500,30,277.067,135.319,6.18892,DL,600,0.02,1,428.087,26.403,22.9446,31872.5,2850.47,0.004,0.004,0,0,0,0
3.7,gnb,ue[5],0,14.8433,500,500,30,438.291,523.404,66.6817,DL,600,0.02,1,75.5071,78.3062,58.4895,31889.7,3112.24,0.004,0.004,0,0,0,0
3.7,gnb,ue[6],0,6.04999,500,500,30,162.579,447.534,77.9111,DL,600,0.02,1,344.82,39.478,19.4113,31900.5,2777.78,0.004,0.01,0,0,0,0
3.7,gnb,ue[7],0,7.42498,500,500,30,586.089,563.298,9.42881,DL,600,0.02,1,108.817,47.8045,39.9117,31838.8,3144.33,0.004,0.004,0,0,0,0
3.7,gnb,ue[8],0,12.5522,500,500,30,570.154,580.15,6.3369,DL,600,0.02,1,109.112,53.5816,26.1242,31858.2,3112.24,0.004,0.004,0,0,0,0
3.7,gnb,ue[9],0,13.3666,500,500,30,184.938,213.091,79.3597,DL,600,0.02,1,428.973,33.3465,13.4939,31844.3,3066.04,0.01,0.004,0,0,0,0
3.8,gnb,ue[0],0,13.3185,500,500,30,179.848,247.095,3.92105,DL,600,0.02,1,408.826,37.6063,17.5832,31917.2,3019.8,0.004,0.01,0,0,0,0
3.8,gnb,ue[1],0,13.7331,500,500,30,926.594,504.228,67.5955,DL,600,0.02,1,428.268,36.4635,2.37328,31895,3218.75,0.004,0.004,0,0,0,0
3.8,gnb,ue[2],0,4.95258,500,500,30,904.112,941.204,3.52198,DL,600,0.02,1,598.889,20.2292,9.65617,31897.4,2981.65,0.004,0.004,0,0,0,0
3.8,gnb,ue[3],0,16.1406,500,500,30,172.86,598.176,29.0761,DL,600,0.02,1,341.555,41.5616,13.3485,31908.6,3250,0.004,0.004,0,0,0,0
3.8,gnb,ue[4],0,12.8679,500,500,30,277.157,136.587,6.18892,DL,600,0.02,1,426.96,28.583,24.7626,31880.3,2850.47,0.004,0.004,0,0,0,0
3.8,gnb,ue[5],0,17.3708,500,500,30,438.834,521.794,66.6817,DL,600,0.02,1,74.5772,74.115,55.6817,31911.8,3112.24,0.004,0.004,0,0,0,0
3.8,gnb,ue[6],0,13.8855,500,500,30,163.025,448.432,77.9111,DL,600,0.02,1,344.248,35.28,16.5626,31873.9,2777.78,0.004,0.01,0,0,0,0
3.8,gnb,ue[7],0,11.2361,500,500,30,586.114,563.749,9.42881,DL,600,0.02,1,109.1,45.8397,36.444,31887.5,3144.33,0.004,0.004,0,0,0,0
3.8,gnb,ue[8],0,12.4639,500,500,30,569.496,580.918,6.3369,DL,600,0.02,1,109.259,51.2675,27.197,31871.7,3112.24,0.004,0.004,0,0,0,0
3.8,gnb,ue[9],0,12.1114,500,500,30,183.535,212.245,79.3597,DL,600,0.02,1,430.568,41.4813,10.739,31868.6,3066.04,0.004,0.004,0,0,0,0
3.9,gnb,ue[0],0,17.9693,500,500,30,181.511,246.956,3.92105,DL,600,0.02,1,407.611,40.4181,16.9759,31910.3,3019.8,0.004,0.01,0,0,0,0
3.9,gnb,ue[1],0,15.9061,500,500,30,925.448,505.152,67.5955,DL,600,0.02,1,427.137,43.909,1.83579,31901,3218.75,0.004,0.004,0,0,0,0
3.9,gnb,ue[2],0,4.88291,500,500,30,904.082,940.545,3.52198,DL,600,0.02,1,598.384,20.4507,12.8373,31944,2981.65,0.004,0.004,0,0,0,0
3.9,gnb,ue[3],0,6.6789,500,500,30,174.15,598.82,29.0761,DL,600,0.02,1,340.506,45.0954,14.3568,31874.3,3250,0.004,0.004,0,0,0,0
3.9,gnb,ue[4],0,15.5971,500,500,30,277.366,137.527,6.18892,DL,600,0.02,1,426.05,30.99,24.558,31881.6,2850.47,0.004,0.004,0,0,0,0
3.9,gnb,ue[5],0,16.3688,500,500,30,439.529,520.747,66.6817,DL,600,0.02,1,73.7067,75.1514,50.4686,31908.2,3112.24,0.004,0.004,0,0,0,0
3.9,gnb,ue[6],0,8.76731,500,500,30,163.605,449.058,77.9111,DL,600,0.02,1,343.587,38.9296,22.0166,31920.5,2777.78,0.004,0.01,0,0,0,0
3.9,gnb,ue[7],0,6.2896,500,500,30,585.94,564.548,9.42881,DL,600,0.02,1,109.432,45.8291,44.1638,31873.1,3144.33,0.004,0.004,0,0,0,0
3.9,gnb,ue[8],0,9.5714,500,500,30,568.745,581.561,6.3369,DL,600,0.02,1,109.261,60.8258,25.8933,31869.1,3112.24,0.004,0.004,0,0,0,0
3.9,gnb,ue[9],0,17.1992,500,500,30,181.942,211.867,79.3597,DL,600,0.02,1,431.993,37.4624,10.2954,31867.1,3066.04,0.004,0.004,0,0,0,0
4,gnb,ue[0],0,15.7105,500,500,30,183.046,246.696,3.92105,DL,1400,0.005,1,406.575,41.4099,22.5303,31920.8,3019.8,0.004,0.01,0,0,0,0
4,gnb,ue[1],0,13.04,500,500,30,924.951,506.325,67.5955,DL,1400,0.005,1,426.657,41.543,-0.280505,31929.8,3218.75,0.004,0.004,0,0,0,0
4,gnb,ue[2],0,12.8188,500,500,30,904.071,939.728,3.52198,DL,1400,0.005,1,597.775,21.9986,13.4418,31945,2981.65,0.01,0.004,0,0,0,0
4,gnb,ue[3],0,15.5455,500,500,30,174.997,599.555,29.0761,DL,1400,0.005,1,339.91,45.7924,15.9588,31870.7,3250,0.004,0.004,0,0,0,0
4,gnb,ue[4],0,7.41408,500,500,30,277.664,138.426,6.18892,DL,1400,0.005,1,425.13,27.7805,24.4495,31833.9,2850.47,0.01,0.004,0,0,0,0
4,gnb,ue[5],0,15.4756,500,500,30,440.611,519.334,66.6817,DL,1400,0.005,1,72.4316,73.0588,57.1033,31929.7,3112.24,0.004,0.004,0,0,0,0
4,gnb,ue[6],0,5.79795,500,500,30,164.22,450.173,77.9111,DL,1400,0.005,1,342.821,37.9536,20.1529,31890.7,2777.78,0.004,0.01,0,0,0,0
4,gnb,ue[7],0,6.83468,500,500,30,585.986,564.939,9.42881,DL,1400,0.005,1,109.699,47.2087,40.7831,31860.5,3144.33,0.004,0.004,0,0,0,0
4,gnb,ue[8],0,11.6527,500,500,30,567.726,582.232,6.3369,DL,1400,0.005,1,109.127,55.1676,46.8866,31848.6,3112.24,0.004,0.004,0,0,0,0
4,gnb,ue[9],0,13.3209,500,500,30,180.642,211.407,79.3597,DL,1400,0.005,1,433.257,34.9771,11.4854,31849.7,3066.04,0.004,0.004,0,0,0,0
4.1,gnb,ue[0],0,14.9339,500,500,30,184.491,246.464,3.92105,DL,1400,0.005,1,405.595,38.7524,17.5184,32840.7,3019.8,0.004,0.01,0,0,0,0
4.1,gnb,ue[1],0,21.6331,500,500,30,923.846,507.736,67.5955,DL,1400,0.005,1,425.581,40.1003,1.26247,32551.1,3218.75,0.01,0.004,0,0,0,0
4.1,gnb,ue[2],0,13.4532,500,500,30,904.207,938.215,3.52198,DL,1400,0.005,1,596.755,21.9986,11.3731,31945,2981.65,0.01,0.004,0,0,0,0
4.1,gnb,ue[3],0,11.4481,500,500,30,176.232,600.062,29.0761,DL,1400,0.005,1,338.879,41.2798,12.4798,32186.5,3250,0.01,0.004,0,0,0,0
4.1,gnb,ue[4],0,17.5122,500,500,30,277.811,139.371,6.18892,DL,1400,0.005,1,424.25,27.7805,23.5114,31833.9,2850.47,0.01,0.004,0,0,0,0
4.1,gnb,ue[5],0,20.4439,500,500,30,441.505,517.869,66.6817,DL,1400,0.005,1,71.3197,57.9597,60.3266,34700.7,3112.24,0.004,0.004,0,0,0,0
4.1,gnb,ue[6],0,5.48763,500,500,30,164.46,450.744,77.9111,DL,1400,0.005,1,342.504,37.2915,18.3411,32733,2777.78,0.004,0.01,0,0,0,0
4.1,gnb,ue[7],0,7.59372,500,500,30,585.905,565.637,9.42881,DL,1400,0.005,1,110.05,44.0087,39.0049,35429,3144.33,0.004,0.004,0,0,0,0
4.1,gnb,ue[8],0,18.4479,500,500,30,566.668,583.244,6.3369,DL,1400,0.005,1,109.244,56.6039,41.1391,34519.6,3112.24,0.004,0.004,0,0,0,0
4.1,gnb,ue[9],0,15.1021,500,500,30,179.695,210.977,79.3597,DL,1400,0.005,1,434.242,33.3471,10.7331,31870.4,3066.04,0.004,0.004,0,0,0,0
4.2,gnb,ue[0],0,14.4376,500,500,30,185.742,246.158,3.92105,DL,1400,0.005,1,404.814,36.4126,20.8023,34053.1,3019.8,0.017,0.01,0,0,0,0
4.2,gnb,ue[1],0,19.0646,500,500,30,922.946,509.648,67.5955,DL,1400,0.005,1,424.723,39.7659,-3.5471,32894.7,3218.75,0.004,0.004,0,0,0,0
4.2,gnb,ue[2],0,12.2313,500,500,30,904.101,936.899,3.52198,DL,1400,0.005,1,595.717,21.9986,12.0723,31945,2981.65,0.01,0.004,0,0,0,0
4.2,gnb,ue[3],0,13.8444,500,500,30,177.784,600.739,29.0761,DL,1400,0.005,1,337.597,39.4927,16.0809,31957.1,3250,0.004,0.004,0,0,0,0
4.2,gnb,ue[4],0,6.04953,500,500,30,278.56,140.752,6.18892,DL,1400,0.005,1,422.684,27.7805,23.334,31833.9,2850.47,0.01,0.004,0,0,0,0
4.2,gnb,ue[5],0,16.3669,500,500,30,441.846,516.422,66.6817,DL,1400,0.005,1,70.6901,60.5679,60.3059,39004.5,3112.24,0.004,0.004,0,0,0,0
4.2,gnb,ue[6],0,1.8384,500,500,30,164.827,451.231,77.9111,DL,1400,0.005,1,342.074,37.4743,17.7409,33635.3,2777.78,0.004,0.01,0,0,0,0
4.2,gnb,ue[7],0,4.42445,500,500,30,585.949,566.11,9.42881,DL,1400,0.005,1,110.367,48.8621,37.9544,37205.3,3144.33,0.004,0.004,0,0,0,0
4.2,gnb,ue[8],0,6.27059,500,500,30,565.737,584.372,6.3369,DL,1400,0.005,1,109.544,66.5661,41.8008,39469.5,3112.24,0.004,0.004,0,0,0,0
4.2,gnb,ue[9],0,9.63783,500,500,30,178.511,210.085,79.3597,DL,1400,0.005,1,435.709,35.1709,10.2538,31912.3,3066.04,0.004,0.004,0,0,0,0
4.3,gnb,ue[0],0,9.52675,500,500,30,187.141,245.569,3.92105,DL,1400,0.005,1,404.099,30.9768,21.8784,35028.9,3019.8,0.004,0.01,0,0,0,0
4.3,gnb,ue[1],0,16.9233,500,500,30,921.764,510.844,67.5955,DL,1400,0.005,1,423.576,39.7659,-1.04298,32894.7,3218.75,0.004,0.004,0,0,0,0
4.3,gnb,ue[2],0,8.64002,500,500,30,904.083,936.25,3.52198,DL,1400,0.005,1,595.229,21.9986,13.8215,31945,2981.65,0.01,0.004,0,0,0,0
4.3,gnb,ue[3],0,18.7042,500,500,30,178.922,601.286,29.0761,DL,1400,0.005,1,336.676,38.7586,17.838,31895,3250,0.004,0.004,0,0,0,0
4.3,gnb,ue[4],0,23.0741,500,500,30,278.427,142.143,6.18892,DL,1400,0.005,1,421.572,27.7805,26.4845,31833.9,2850.47,0.01,0.004,0,0,0,0
4.3,gnb,ue[5],0,10.9616,500,500,30,442.602,514.982,66.6817,DL,1400,0.005,1,69.7459,62.1026,57.2209,43166.6,3112.24,0.004,0.004,0,0,0,0
4.3,gnb,ue[6],0,11.4847,500,500,30,165.106,451.938,77.9111,DL,1400,0.005,1,341.7,38.9709,17.7391,34960.1,2777.78,0.004,0.01,0,0,0,0
4.3,gnb,ue[7],0,9.28005,500,500,30,586.217,566.881,9.42881,DL,1400,0.005,1,111.039,45.989,43.6732,42966.3,3144.33,0.004,0.004,0,0,0,0
4.3,gnb,ue[8],0,11.2916,500,500,30,565.392,585.293,6.3369,DL,1400,0.005,1,110.05,67.7395,41.2517,41781.2,3112.24,0.004,0.004,0,0,0,0
4.3,gnb,ue[9],0,12.8281,500,500,30,177.322,209.319,79.3597,DL,1400,0.005,1,437.096,35.988,11.7458,31425.7,3066.04,0.004,0.004,0,0,0,0
4.4,gnb,ue[0],0,11.1436,500,500,30,188.39,244.677,3.92105,DL,1400,0.005,1,403.696,40.5168,21.2973,35553.4,3019.8,0.004,0.01,0,0,0,0
4.4,gnb,ue[1],0,18.6174,500,500,30,920.896,512.045,67.5955,DL,1400,0.005,1,422.743,39.7659,-3.37699,32894.7,3218.75,0.004,0.004,0,0,0,0
4.4,gnb,ue[2],0,7.69367,500,500,30,904.237,935.214,3.52198,DL,1400,0.005,1,594.575,21.9986,13.7038,31945,2981.65,0.01,0.004,0,0,0,0
4.4,gnb,ue[3],0,13.2545,500,500,30,180.442,602.114,29.0761,DL,1400,0.005,1,335.478,41.2349,14.0547,32100.3,3250,0.004,0.004,0,0,0,0
4.4,gnb,ue[4],0,15.4026,500,500,30,278.463,143.682,6.18892,DL,1400,0.005,1,420.247,27.7805,25.1298,31833.9,2850.47,0.01,0.004,0,0,0,0
4.4,gnb,ue[5],0,19.5379,500,500,30,443.315,513.439,66.6817,DL,1400,0.005,1,68.843,58.5684,55.9227,47317.6,3112.24,0.004,0.004,0,0,0,0
4.4,gnb,ue[6],0,9.95614,500,500,30,165.785,452.886,77.9111,DL,1400,0.005,1,340.903,33.3796,20.6245,36360.9,2777.78,0.01,0.01,0,0,0,0
4.4,gnb,ue[7],0,7.74949,500,500,30,586.617,567.729,9.42881,DL,1400,0.005,1,111.861,49.082,43.03,47415.6,3144.33,0.004,0.004,0,0,0,0
4.4,gnb,ue[8],0,17.2708,500,500,30,564.483,586.1,6.3369,DL,1400,0.005,1,110.142,68.6831,42.3486,43630.9,3112.24,0.004,0.004,0,0,0,0
4.4,gnb,ue[9],0,16.3662,500,500,30,176.259,208.603,79.3597,DL,1400,0.005,1,438.357,32.317,12.6574,31664.8,3066.04,0.004,0.004,0,0,0,0
4.5,gnb,ue[0],0,9.83315,500,500,30,189.659,244.357,3.92105,DL,1400,0.005,1,402.921,34.7138,19.9975,36350.8,3019.8,0.01,0.01,0,0,0,0
4.5,gnb,ue[1],0,16.3469,500,500,30,919.77,513.265,67.5955,DL,1400,0.005,1,421.659,39.7659,-3.2478,32894.7,3218.75,0.004,0.004,0,0,0,0
4.5,gnb,ue[2],0,8.74668,500,500,30,904.373,934.621,3.52198,DL,1400,0.005,1,594.234,21.9986,7.37921,31945,2981.65,0.01,0.004,0,0,0,0
4.5,gnb,ue[3],0,20.2504,500,500,30,182.311,602.213,29.0761,DL,1400,0.005,1,333.728,41.3498,13.1054,32354.6,3250,0.014,0.004,0,0,0,0
4.5,gnb,ue[4],0,19.6715,500,500,30,279.135,144.83,6.18892,DL,1400,0.005,1,418.92,27.7805,26.3779,31833.9,2850.47,0.01,0.004,0,0,0,0
4.5,gnb,ue[5],0,18.4233,500,500,30,444.35,511.872,66.6817,DL,1400,0.005,1,67.7006,60.187,61.5179,50144.5,3112.24,0.004,0.004,0,0,0,0
4.5,gnb,ue[6],0,3.10139,500,500,30,165.893,453.072,77.9111,DL,1400,0.005,1,340.771,35.2228,19.4341,35986.2,2777.78,0.037,0.01,0,0,0,0
4.5,gnb,ue[7],0,12.1339,500,500,30,586.459,568.566,9.42881,DL,1400,0.005,1,112.248,52.0503,40.3222,50394.3,3144.33,0.004,0.004,0,0,0,0
4.5,gnb,ue[8],0,15.4721,500,500,30,563.324,586.924,6.3369,DL,1400,0.005,1,110.117,68.6367,39.6181,46480.1,3112.24,0.004,0.004,0,0,0,0
4.5,gnb,ue[9],0,10.9479,500,500,30,175.461,208.13,79.3597,DL,1400,0.005,1,439.261,34.6319,2.47336,33876.4,3066.04,0.004,0.004,0,0,0,0
4.6,gnb,ue[0],0,10.3144,500,500,30,190.749,244.038,3.92105,DL,1400,0.005,1,402.285,38.7962,20.2606,36877.2,3019.8,0.004,0.01,0,0,0,0
4.6,gnb,ue[1],0,16.8043,500,500,30,918.795,514.276,67.5955,DL,1400,0.005,1,420.721,39.7659,-3.48114,32894.7,3218.75,0.004,0.004,0,0,0,0
4.6,gnb,ue[2],0,9.23845,500,500,30,904.488,933.963,3.52198,DL,1400,0.005,1,593.831,21.9986,15.8129,31945,2981.65,0.01,0.004,0,0,0,0
4.6,gnb,ue[3],0,18.5517,500,500,30,183.988,602.796,29.0761,DL,1400,0.005,1,332.312,39.1367,19.1256,34293.7,3250,0.01,0.004,0,0,0,0
4.6,gnb,ue[4],0,9.03806,500,500,30,279.351,146.137,6.18892,DL,1400,0.005,1,417.698,27.7805,26.4474,31833.9,2850.47,0.01,0.004,0,0,0,0
4.6,gnb,ue[5],0,10.6023,500,500,30,444.889,510.787,66.6817,DL,1400,0.005,1,67.0752,59.0104,60.1852,52092.7,3112.24,0.004,0.004,0,0,0,0
4.6,gnb,ue[6],0,1.07025,500,500,30,165.937,453.235,77.9111,DL,1400,0.005,1,340.706,35.2228,16.661,35986.2,2777.78,0.037,0.01,0,0,0,0
4.6,gnb,ue[7],0,12.5231,500,500,30,586.466,569.53,9.42881,DL,1400,0.005,1,112.845,51.165,41.6112,54741.6,3144.33,0.004,0.004,0,0,0,0
4.6,gnb,ue[8],0,10.4593,500,500,30,563.247,588.428,6.3369,DL,1400,0.005,1,111.264,65.9506,44.9629,48580.7,3112.24,0.004,0.004,0,0,0,0
4.6,gnb,ue[9],0,16.1165,500,500,30,174.275,207.212,79.3597,DL,1400,0.005,1,440.748,38.1362,12.6216,35962.6,3066.04,0.004,0.004,0,0,0,0
4.7,gnb,ue[0],0,20.947,500,500,30,192.204,242.938,3.92105,DL,1400,0.005,1,401.87,41.6502,20.6988,37735.6,3019.8,0.004,0.01,0,0,0,0
4.7,gnb,ue[1],0,13.1931,500,500,30,917.913,515.512,67.5955,DL,1400,0.005,1,419.887,39.7659,-1.76945,32894.7,3218.75,0.004,0.004,0,0,0,0
4.7,gnb,ue[2],0,13.1955,500,500,30,904.325,933.079,3.52198,DL,1400,0.005,1,593.074,21.9986,12.1377,31945,2981.65,0.01,0.004,0,0,0,0
4.7,gnb,ue[3],0,15.7347,500,500,30,185.569,603.876,29.0761,DL,1400,0.005,1,331.147,36.8234,15.2833,35120.4,3250,0.004,0.004,0,0,0,0
4.7,gnb,ue[4],0,22.7616,500,500,30,279.904,147.128,6.18892,DL,1400,0.005,1,416.567,27.7805,24.3479,31833.9,2850.47,0.01,0.004,0,0,0,0
4.7,gnb,ue[5],0,19.3624,500,500,30,445.499,509.272,66.6817,DL,1400,0.005,1,66.3471,59.1973,48.9762,56193.8,3112.24,0.004,0.004,0,0,0,0
4.7,gnb,ue[6],0,10.7922,500,500,30,166.407,453.619,77.9111,DL,1400,0.005,1,340.193,37.4259,18.7069,34692.7,2777.78,0.043,0.01,0,0,0,0
4.7,gnb,ue[7],0,11.9738,500,500,30,586.591,570.527,9.42881,DL,1400,0.005,1,113.557,52.7261,41.4471,57267.9,3144.33,0.004,0.004,0,0,0,0
4.7,gnb,ue[8],0,21.0516,500,500,30,562.424,589.176,6.3369,DL,1400,0.005,1,111.396,65.9729,42.753,49791.9,3112.24,0.004,0.004,0,0,0,0
4.7,gnb,ue[9],0,11.3145,500,500,30,172.971,206.832,79.3597,DL,1400,0.005,1,441.964,27.3932,10.4745,38184,3066.04,0.004,0.004,0,0,0,0
4.8,gnb,ue[0],0,16.5635,500,500,30,193.8,242.523,3.92105,DL,1400,0.005,1,400.915,40.1062,21.2105,39702.5,3019.8,0.004,0.01,0,0,0,0
4.8,gnb,ue[1],0,14.3368,500,500,30,917.144,516.751,67.5955,DL,1400,0.005,1,419.17,39.7659,-7.91023,32894.7,3218.75,0.004,0.004,0,0,0,0
4.8,gnb,ue[2],0,22.7499,500,500,30,904.59,931.691,3.52198,DL,1400,0.005,1,592.243,21.9986,13.6937,31945,2981.65,0.01,0.004,0,0,0,0
4.8,gnb,ue[3],0,21.1739,500,500,30,187.025,604.725,29.0761,DL,1400,0.005,1,330.033,40.9419,20.4859,35940,3250,0.004,0.004,0,0,0,0
4.8,gnb,ue[4],0,17.189,500,500,30,280.353,148.735,6.18892,DL,1400,0.005,1,414.968,27.7805,18.0861,31833.9,2850.47,0.01,0.004,0,0,0,0
4.8,gnb,ue[5],0,21.6815,500,500,30,446.283,507.683,66.6817,DL,1400,0.005,1,65.499,61.4661,47.5266,57344.7,3112.24,0.004,0.004,0,0,0,0
4.8,gnb,ue[6],0,7.67561,500,500,30,166.698,454.065,77.9111,DL,1400,0.005,1,339.847,37.4259,20.1699,34692.7,2777.78,0.043,0.01,0,0,0,0
4.8,gnb,ue[7],0,12.0106,500,500,30,586.72,571.37,9.42881,DL,1400,0.005,1,114.18,54.4157,40.2596,60513.8,3144.33,0.004,0.004,0,0,0,0
4.8,gnb,ue[8],0,14.9431,500,500,30,561.526,590.194,6.3369,DL,1400,0.005,1,111.715,68.2753,42.3024,51295.5,3112.24,0.004,0.004,0,0,0,0
4.8,gnb,ue[9],0,9.4994,500,500,30,171.854,206.444,79.3597,DL,1400,0.005,1,443.048,38.0195,10.6009,41534.1,3066.04,0.004,0.004,0,0,0,0
4.9,gnb,ue[0],0,10.747,500,500,30,195.22,242.159,3.92105,DL,1400,0.005,1,400.066,39.9094,19.9363,40532.7,3019.8,0.004,0.01,0,0,0,0
4.9,gnb,ue[1],0,16.9348,500,500,30,916.476,517.822,67.5955,DL,1400,0.005,1,418.549,39.7659,-3.27322,32894.7,3218.75,0.004,0.004,0,0,0,0
4.9,gnb,ue[2],0,9.52394,500,500,30,904.693,930.275,3.52198,DL,1400,0.005,1,591.282,21.9986,10.4845,31945,2981.65,0.01,0.004,0,0,0,0
4.9,gnb,ue[3],0,18.0187,500,500,30,189.219,605.392,29.0761,DL,1400,0.005,1,328.166,35.3651,18.2746,37693.3,3250,0.01,0.004,0,0,0,0
4.9,gnb,ue[4],0,13.9021,500,500,30,280.581,150.222,6.18892,DL,1400,0.005,1,413.59,27.7805,21.1248,31833.9,2850.47,0.01,0.004,0,0,0,0
4.9,gnb,ue[5],0,15.1913,500,500,30,447.249,506.516,66.6817,DL,1400,0.005,1,64.5808,60.7532,47.1033,60014.3,3112.24,0.004,0.004,0,0,0,0
4.9,gnb,ue[6],0,9.76387,500,500,30,167.15,454.772,77.9111,DL,1400,0.005,1,339.308,36.9149,17.0962,33801.8,2777.78,0.004,0.01,0,0,0,0
4.9,gnb,ue[7],0,6.84953,500,500,30,586.725,572.326,9.42881,DL,1400,0.005,1,114.784,51.7352,39.0134,62274.6,3144.33,0.004,0.004,0,0,0,0
4.9,gnb,ue[8],0,14.1382,500,500,30,560.565,591.089,6.3369,DL,1400,0.005,1,111.916,65.6297,44.9552,52807.5,3112.24,0.004,0.004,0,0,0,0
4.9,gnb,ue[9],0,10.1041,500,500,30,170.917,206.022,79.3597,DL,1400,0.005,1,444.021,37.9836,12.2296,43358.9,3066.04,0.015,0.004,0,0,0,0
5,gnb,ue[0],0,12.4556,500,500,30,196.101,241.49,3.92105,DL,1400,0.005,1,399.828,38.7522,23.0981,41057.9,3019.8,0.004,0.01,0,0,0,0
5,gnb,ue[1],0,13.8455,500,500,30,915.2,518.518,67.5955,DL,1400,0.005,1,417.31,39.7659,0.385601,32894.7,3218.75,0.004,0.004,0,0,0,0
5,gnb,ue[2],0,17.8585,500,500,30,904.752,929.41,3.52198,DL,1400,0.005,1,590.693,21.9986,10.0124,31945,2981.65,0.01,0.004,0,0,0,0
5,gnb,ue[3],0,18.7735,500,500,30,191.433,605.786,29.0761,DL,1400,0.005,1,326.198,44.3318,14.1217,39273.1,3250,0.004,0.004,0,0,0,0
5,gnb,ue[4],0,19.2801,500,500,30,280.703,151.544,6.18892,DL,1400,0.005,1,412.408,27.7805,26.583,31833.9,2850.47,0.01,0.004,0,0,0,0
5,gnb,ue[5],0,13.8892,500,500,30,448.168,505.136,66.6817,DL,1400,0.005,1,63.7064,64.3413,46.767,62535,3112.24,0.004,0.004,0,0,0,0
5,gnb,ue[6],0,8.03712,500,500,30,167.548,455.212,77.9111,DL,1400,0.005,1,338.859,36.9149,20.5813,33801.8,2777.78,0.004,0.01,0,0,0,0
5,gnb,ue[7],0,11.7393,500,500,30,586.525,573.029,9.42881,DL,1400,0.005,1,115.079,52.4969,42.1405,64524.7,3144.33,0.004,0.004,0,0,0,0
5,gnb,ue[8],0,16.6535,500,500,30,559.392,592.147,6.3369,DL,1400,0.005,1,112.154,68.0962,47.3561,54568.5,3112.24,0.004,0.004,0,0,0,0
5,gnb,ue[9],0,12.5915,500,500,30,170.247,205.72,79.3597,DL,1400,0.005,1,444.718,37.9563,11.6672,45789.6,3066.04,0.004,0.004,0,0,0,0
5.1,gnb,ue[0],0,8.54924,500,500,30,197.397,240.86,3.92105,DL,1400,0.005,1,399.252,42.6117,21.9562,43121,3019.8,0.004,0.01,0,0,0,0
5.1,gnb,ue[1],0,17.341,500,500,30,913.757,519.237,67.5955,DL,1400,0.005,1,415.907,39.7659,3.96129,32894.7,3218.75,0.004,0.004,0,0,0,0
5.1,gnb,ue[2],0,12.9965,500,500,30,904.957,928.504,3.52198,DL,1400,0.005,1,590.176,21.9986,11.7353,31945,2981.65,0.01,0.004,0,0,0,0
5.1,gnb,ue[3],0,16.5547,500,500,30,193.425,606.616,29.0761,DL,1400,0.005,1,324.586,47.869,16.7712,40505.3,3250,0.004,0.004,0,0,0,0
5.1,gnb,ue[4],0,16.3155,500,500,30,280.772,153.226,6.18892,DL,1400,0.005,1,410.95,27.7805,24.7527,31833.9,2850.47,0.01,0.004,0,0,0,0
5.1,gnb,ue[5],0,18.7425,500,500,30,448.603,503.913,66.6817,DL,1400,0.005,1,63.2657,68.5796,48.9726,64418.1,3112.24,0.004,0.004,0,0,0,0
5.1,gnb,ue[6],0,8.39909,500,500,30,167.86,455.935,77.9111,DL,1400,0.005,1,338.458,37.1734,18.875,33074.2,2777.78,0.004,0.01,0,0,0,0
5.1,gnb,ue[7],0,8.66235,500,500,30,586.678,573.896,9.42881,DL,1400,0.005,1,115.745,49.7032,38.7804,65675.1,3144.33,0.004,0.004,0,0,0,0
5.1,gnb,ue[8],0,5.9243,500,500,30,558.476,592.649,6.3369,DL,1400,0.005,1,112.086,66.0602,41.1201,55408.2,3112.24,0.004,0.004,0,0,0,0
5.1,gnb,ue[9],0,11.398,500,500,30,169.295,204.82,79.3597,DL,1400,0.005,1,446.02,37.9074,13.422,48484.1,3066.04,0.004,0.004,0,0,0,0
5.2,gnb,ue[0],0,11.9213,500,500,30,198.618,240.499,3.92105,DL,1400,0.005,1,398.563,38.7469,18.395,43345.1,3019.8,0.004,0.01,0,0,0,0
5.2,gnb,ue[1],0,19.2707,500,500,30,912.164,520.127,67.5955,DL,1400,0.005,1,414.365,39.7659,13.0129,32894.7,3218.75,0.004,0.004,0,0,0,0
5.2,gnb,ue[2],0,12.8599,500,500,30,905.078,927.319,3.52198,DL,1400,0.005,1,589.399,21.9986,10.1929,31945,2981.65,0.01,0.004,0,0,0,0
5.2,gnb,ue[3],0,18.389,500,500,30,194.846,606.999,29.0761,DL,1400,0.005,1,323.37,42.7625,18.9433,41536,3250,0.004,0.004,0,0,0,0
5.2,gnb,ue[4],0,16.0712,500,500,30,280.716,154.651,6.18892,DL,1400,0.005,1,409.778,27.7805,25.6865,31833.9,2850.47,0.01,0.004,0,0,0,0
5.2,gnb,ue[5],0,9.63633,500,500,30,449.688,502.534,66.6817,DL,1400,0.005,1,62.3159,62.1597,47.3578,67725.8,3112.24,0.004,0.004,0,0,0,0
5.2,gnb,ue[6],0,10.2347,500,500,30,168.556,456.486,77.9111,DL,1400,0.005,1,337.704,32.4766,12.6565,32377.2,2777.78,0.004,0.01,0,0,0,0
5.2,gnb,ue[7],0,6.33405,500,500,30,586.658,574.757,9.42881,DL,1400,0.005,1,116.281,48.0005,42.4844,66859.5,3144.33,0.004,0.004,0,0,0,0
5.2,gnb,ue[8],0,8.63688,500,500,30,557.661,593.51,6.3369,DL,1400,0.005,1,112.379,66.1359,39.9207,57458,3112.24,0.004,0.004,0,0,0,0
5.2,gnb,ue[9],0,9.37955,500,500,30,168.407,204.179,79.3597,DL,1400,0.005,1,447.102,37.8701,8.41742,50681.1,3066.04,0.01,0.004,0,0,0,0
5.3,gnb,ue[0],0,7.08043,500,500,30,199.762,239.843,3.92105,DL,1400,0.005,1,398.127,43.2738,20.3706,43644.3,3019.8,0.004,0.01,0,0,0,0
5.3,gnb,ue[1],0,13.3799,500,500,30,910.62,520.796,67.5955,DL,1400,0.005,1,412.862,39.7659,16.1823,32894.7,3218.75,0.004,0.004,0,0,0,0
5.3,gnb,ue[2],0,17.8175,500,500,30,905.525,926.199,3.52198,DL,1400,0.005,1,588.895,21.9986,14.0785,31945,2981.65,0.01,0.004,0,0,0,0
5.3,gnb,ue[3],0,20.2231,500,500,30,195.847,607.929,29.0761,DL,1400,0.005,1,322.736,47.1048,18.2576,42911,3250,0.01,0.004,0,0,0,0
5.3,gnb,ue[4],0,12.7923,500,500,30,280.534,155.533,6.18892,DL,1400,0.005,1,409.133,27.7805,27.1152,31833.9,2850.47,0.01,0.004,0,0,0,0
5.3,gnb,ue[5],0,18.6724,500,500,30,450.9,501.19,66.6817,DL,1400,0.005,1,61.3011,63.3168,49.0816,70679.8,3112.24,0.004,0.004,0,0,0,0
5.3,gnb,ue[6],0,11.3381,500,500,30,168.962,457.23,77.9111,DL,1400,0.005,1,337.211,34.3699,17.827,31881.5,2777.78,0.109,0.01,0,0,0,0
5.3,gnb,ue[7],0,14.7275,500,500,30,586.588,575.223,9.42881,DL,1400,0.005,1,116.529,52.2933,43.218,70138.4,3144.33,0.004,0.004,0,0,0,0
5.3,gnb,ue[8],0,9.04538,500,500,30,557.068,594.372,6.3369,DL,1400,0.005,1,112.795,66.0936,43.2188,58389,3112.24,0.004,0.004,0,0,0,0
5.3,gnb,ue[9],0,11.3293,500,500,30,167.322,203.284,79.3597,DL,1400,0.005,1,448.499,34.8356,19.0013,50807.1,3066.04,0.004,0.004,0,0,0,0
5.4,gnb,ue[0],0,12.2722,500,500,30,200.531,239.507,3.92105,DL,1400,0.005,1,397.767,40.9778,22.0035,45125.9,3019.8,0.004,0.01,0,0,0,0
5.4,gnb,ue[1],0,17.2267,500,500,30,909.465,522.045,67.5955,DL,1400,0.005,1,411.778,39.7659,17.3097,32894.7,3218.75,0.004,0.004,0,0,0,0
5.4,gnb,ue[2],0,4.74854,500,500,30,905.506,924.952,3.52198,DL,1400,0.005,1,587.98,21.9986,14.7578,31945,2981.65,0.01,0.004,0,0,0,0
5.4,gnb,ue[3],0,15.4903,500,500,30,197.077,608.385,29.0761,DL,1400,0.005,1,321.73,41.2593,14.1916,43542.8,3250,0.004,0.004,0,0,0,0
5.4,gnb,ue[4],0,9.30844,500,500,30,280.385,156.488,6.18892,DL,1400,0.005,1,408.409,27.7805,20.9911,31833.9,2850.47,0.01,0.004,0,0,0,0
5.4,gnb,ue[5],0,20.0422,500,500,30,452.097,499.778,66.6817,DL,1400,0.005,1,60.3346,63.5848,49.0391,73037.6,3112.24,0.004,0.004,0,0,0,0
5.4,gnb,ue[6],0,5.01913,500,500,30,169.265,457.759,77.9111,DL,1400,0.005,1,336.847,34.0532,24.3429,31940,2777.78,0.029,0.01,0,0,0,0
5.4,gnb,ue[7],0,13.8695,500,500,30,586.503,576.321,9.42881,DL,1400,0.005,1,117.178,53.6834,40.4781,71110.5,3144.33,0.004,0.004,0,0,0,0
5.4,gnb,ue[8],0,12.0323,500,500,30,556.363,595.451,6.3369,DL,1400,0.005,1,113.348,63.6633,41.0454,58909.9,3112.24,0.004,0.004,0,0,0,0
5.4,gnb,ue[9],0,8.27101,500,500,30,166.543,202.932,79.3597,DL,1400,0.005,1,449.31,37.7856,20.7285,52939.9,3066.04,0.004,0.004,0,0,0,0
5.5,gnb,ue[0],0,12.661,500,500,30,202.198,239.038,3.92105,DL,1400,0.005,1,396.822,40.4616,24.0525,45971.9,3019.8,0.004,0.01,0,0,0,0
5.5,gnb,ue[1],0,14.1881,500,500,30,908.528,523.146,67.5955,DL,1400,0.005,1,410.907,39.7659,16.1351,32894.7,3218.75,0.004,0.004,0,0,0,0
5.5,gnb,ue[2],0,4.0213,500,500,30,905.557,924.41,3.52198,DL,1400,0.005,1,587.623,21.9986,12.2915,31945,2981.65,0.01,0.004,0,0,0,0
5.5,gnb,ue[3],0,25.3916,500,500,30,198.564,609.05,29.0761,DL,1400,0.005,1,320.556,42.8262,19.3809,44873.2,3250,0.004,0.004,0,0,0,0
5.5,gnb,ue[4],0,9.74891,500,500,30,280.391,157.097,6.18892,DL,1400,0.005,1,407.895,27.7805,26.5891,31833.9,2850.47,0.01,0.004,0,0,0,0
5.5,gnb,ue[5],0,14.447,500,500,30,453.635,498.328,66.6817,DL,1400,0.005,1,59.144,63.6671,52.8505,74534.5,3112.24,0.004,0.004,0,0,0,0
5.5,gnb,ue[6],0,5.95475,500,500,30,169.444,458.335,77.9111,DL,1400,0.005,1,336.598,34.0532,18.969,31940,2777.78,0.029,0.01,0,0,0,0
5.5,gnb,ue[7],0,0.297456,500,500,30,586.409,576.997,9.42881,DL,1400,0.005,1,117.551,48.6952,42.9021,74105.5,3144.33,0.004,0.004,0,0,0,0
5.5,gnb,ue[8],0,13.0391,500,500,30,555.306,596.27,6.3369,DL,1400,0.005,1,113.52,63.1511,43.973,60379.3,3112.24,0.004,0.004,0,0,0,0
5.5,gnb,ue[9],0,11.1559,500,500,30,165.572,202.326,79.3597,DL,1400,0.005,1,450.431,37.7403,12.7843,54124.7,3066.04,0.01,0.004,0,0,0,0
5.6,gnb,ue[0],0,16.4398,500,500,30,203.287,238.63,3.92105,DL,1400,0.005,1,396.274,42.8364,20.9666,46581.6,3019.8,0.004,0.01,0,0,0,0
5.6,gnb,ue[1],0,13.333,500,500,30,907.855,524.507,67.5955,DL,1400,0.005,1,410.317,39.7659,14.3329,32894.7,3218.75,0.004,0.004,0,0,0,0
5.6,gnb,ue[2],0,12.4575,500,500,30,905.636,923.924,3.52198,DL,1400,0.005,1,587.327,21.9986,12.1608,31945,2981.65,0.01,0.004,0,0,0,0
5.6,gnb,ue[3],0,17.3233,500,500,30,200.723,609.59,29.0761,DL,1400,0.005,1,318.713,44.8644,17.7021,45283.2,3250,0.004,0.004,0,0,0,0
5.6,gnb,ue[4],0,0.20364,500,500,30,280.61,158.237,6.18892,DL,1400,0.005,1,406.818,27.7805,33.094,31833.9,2850.47,0.01,0.004,0,0,0,0
5.6,gnb,ue[5],0,14.4328,500,500,30,454.462,497.424,66.6817,DL,1400,0.005,1,58.5315,69.9637,52.5613,77448.6,3112.24,0.004,0.004,0,0,0,0
5.6,gnb,ue[6],0,8.9603,500,500,30,169.73,459.056,77.9111,DL,1400,0.005,1,336.229,35.0007,16.6958,31218.5,2777.78,0.004,0.01,0,0,0,0
5.6,gnb,ue[7],0,2.42257,500,500,30,586.282,577.303,9.42881,DL,1400,0.005,1,117.658,48.6231,38.3138,75876.4,3144.33,0.004,0.004,0,0,0,0
5.6,gnb,ue[8],0,10.0129,500,500,30,554.508,596.848,6.3369,DL,1400,0.005,1,113.625,68.395,43.3978,61166,3112.24,0.004,0.004,0,0,0,0
5.6,gnb,ue[9],0,11.9245,500,500,30,165.101,201.87,79.3597,DL,1400,0.005,1,451.082,34.9105,19.1663,55703.9,3066.04,0.004,0.004,0,0,0,0
5.7,gnb,ue[0],0,12.3323,500,500,30,204.886,238.189,3.92105,DL,1400,0.005,1,395.369,42.071,26.4753,48215.6,3019.8,0.004,0.01,0,0,0,0
5.7,gnb,ue[1],0,16.0175,500,500,30,906.663,525.625,67.5955,DL,1400,0.005,1,409.2,39.7659,16.7649,32894.7,3218.75,0.004,0.004,0,0,0,0
5.7,gnb,ue[2],0,12.4841,500,500,30,905.79,922.872,3.52198,DL,1400,0.005,1,586.675,21.9986,6.64525,31945,2981.65,0.01,0.004,0,0,0,0
5.7,gnb,ue[3],0,21.4584,500,500,30,202.804,610.219,29.0761,DL,1400,0.005,1,316.977,45.5898,19.1392,45959.9,3250,0.004,0.004,0,0,0,0
5.7,gnb,ue[4],0,8.88056,500,500,30,280.653,158.751,6.18892,DL,1400,0.005,1,406.363,27.7805,29.1676,31833.9,2850.47,0.01,0.004,0,0,0,0
5.7,gnb,ue[5],0,14.191,500,500,30,455.361,496.324,66.6817,DL,1400,0.005,1,57.8939,64.2887,42.9699,79421,3112.24,0.004,0.004,0,0,0,0
5.7,gnb,ue[6],0,8.23936,500,500,30,169.81,459.74,77.9111,DL,1400,0.005,1,336.068,33.171,22.6471,30460.5,2777.78,0.073,0.01,0,0,0,0
5.7,gnb,ue[7],0,6.8862,500,500,30,586.257,577.732,9.42881,DL,1400,0.005,1,117.923,48.8518,39.9313,77235.1,3144.33,0.004,0.004,0,0,0,0
5.7,gnb,ue[8],0,12.8457,500,500,30,553.507,597.553,6.3369,DL,1400,0.005,1,113.752,66.45,42.7832,62460.3,3112.24,0.004,0.004,0,0,0,0
5.7,gnb,ue[9],0,15.759,500,500,30,164.096,201.268,79.3597,DL,1400,0.005,1,452.226,35.059,16.0416,57456,3066.04,0.004,0.004,0,0,0,0
5.8,gnb,ue[0],0,14.9284,500,500,30,206.439,237.654,3.92105,DL,1400,0.005,1,394.567,41.1125,23.5042,48935.2,3019.8,0.004,0.01,0,0,0,0
5.8,gnb,ue[1],0,14.4259,500,500,30,905.681,526.757,67.5955,DL,1400,0.005,1,408.297,39.7659,14.4479,32894.7,3218.75,0.004,0.004,0,0,0,0
5.8,gnb,ue[2],0,5.69493,500,500,30,905.853,921.812,3.52198,DL,1400,0.005,1,585.955,21.9986,12.2706,31945,2981.65,0.01,0.004,0,0,0,0
5.8,gnb,ue[3],0,13.8392,500,500,30,204.205,610.831,29.0761,DL,1400,0.005,1,315.878,42.3969,18.0498,47141.1,3250,0.004,0.004,0,0,0,0
5.8,gnb,ue[4],0,15.9263,500,500,30,280.647,159.873,6.18892,DL,1400,0.005,1,405.425,27.7805,32.2473,31833.9,2850.47,0.01,0.004,0,0,0,0
5.8,gnb,ue[5],0,16.7426,500,500,30,456.268,494.607,66.6817,DL,1400,0.005,1,57.3332,70.8669,49.7761,81722.5,3112.24,0.004,0.004,0,0,0,0
5.8,gnb,ue[6],0,5.81122,500,500,30,170.156,460.174,77.9111,DL,1400,0.005,1,335.676,36.699,23.8557,30422,2777.78,0.004,0.01,0,0,0,0
5.8,gnb,ue[7],0,5.81491,500,500,30,586.303,578.02,9.42881,DL,1400,0.005,1,118.146,48.4907,44.196,77950.7,3144.33,0.004,0.004,0,0,0,0
5.8,gnb,ue[8],0,14.8677,500,500,30,552.815,598.395,6.3369,DL,1400,0.005,1,114.153,67.7051,43.984,62508,3112.24,0.004,0.004,0,0,0,0
5.8,gnb,ue[9],0,13.7943,500,500,30,163.033,200.182,79.3597,DL,1400,0.005,1,453.734,40.7627,15.7731,59576.1,3066.04,0.004,0.004,0,0,0,0
5.9,gnb,ue[0],0,14.4625,500,500,30,208.036,237.444,3.92105,DL,1400,0.005,1,393.521,40.1289,22.4868,49771.3,3019.8,0.004,0.01,0,0,0,0
5.9,gnb,ue[1],0,15.9117,500,500,30,904.014,528.092,67.5955,DL,1400,0.005,1,406.731,39.7659,12.6626,32894.7,3218.75,0.004,0.004,0,0,0,0
5.9,gnb,ue[2],0,8.50593,500,500,30,905.806,921.241,3.52198,DL,1400,0.005,1,585.511,21.9986,15.6602,31945,2981.65,0.01,0.004,0,0,0,0
5.9,gnb,ue[3],0,15.1563,500,500,30,205.724,611.234,29.0761,DL,1400,0.005,1,314.599,41.1316,18.4392,48415.1,3250,0.004,0.004,0,0,0,0
5.9,gnb,ue[4],0,9.90986,500,500,30,280.727,161.237,6.18892,DL,1400,0.005,1,404.238,27.7805,26.7517,31833.9,2850.47,0.01,0.004,0,0,0,0
5.9,gnb,ue[5],0,14.9874,500,500,30,457.16,493.329,66.6817,DL,1400,0.005,1,56.7922,71.8234,51.0819,84159.5,3112.24,0.004,0.004,0,0,0,0
5.9,gnb,ue[6],0,11.561,500,500,30,170.771,460.784,77.9111,DL,1400,0.005,1,335,36.699,17.9924,30422,2777.78,0.004,0.01,0,0,0,0
5.9,gnb,ue[7],0,6.09543,500,500,30,586.193,579.02,9.42881,DL,1400,0.005,1,118.729,48.3557,45.3946,79056.5,3144.33,0.004,0.004,0,0,0,0
5.9,gnb,ue[8],0,16.6233,500,500,30,551.766,599.582,6.3369,DL,1400,0.005,1,114.701,67.5243,42.3916,63175.8,3112.24,0.004,0.004,0,0,0,0
5.9,gnb,ue[9],0,11.7922,500,500,30,162.201,199.684,79.3597,DL,1400,0.005,1,454.68,37.0346,19.84,61135.6,3066.04,0.004,0.004,0,0,0,0
6,gnb,ue[0],0,14.5682,500,500,30,209.105,237.176,3.92105,DL,1400,0.005,1,392.908,36.9773,16.4475,50889.6,3019.8,0.004,0.01,0,0,0,0
6,gnb,ue[1],0,15.4396,500,500,30,903.053,528.959,67.5955,DL,1400,0.005,1,405.838,39.7659,13.3073,32894.7,3218.75,0.004,0.004,0,0,0,0
6,gnb,ue[2],0,8.86923,500,500,30,905.5,920.247,3.52198,DL,1400,0.005,1,584.584,21.9986,9.52892,31945,2981.65,0.01,0.004,0,0,0,0
6,gnb,ue[3],0,9.91423,500,500,30,206.736,611.819,29.0761,DL,1400,0.005,1,313.86,42.402,14.5592,48913.5,3250,0.004,0.004,0,0,0,0
6,gnb,ue[4],0,12.802,500,500,30,280.615,162.4,6.18892,DL,1400,0.005,1,403.324,27.7805,31.7218,31833.9,2850.47,0.01,0.004,0,0,0,0
6,gnb,ue[5],0,13.7855,500,500,30,458.184,491.892,66.6817,DL,1400,0.005,1,56.2123,69.0444,52.2435,85236.9,3112.24,0.004,0.004,0,0,0,0
6,gnb,ue[6],0,7.33155,500,500,30,171.334,461.217,77.9111,DL,1400,0.005,1,334.396,35.1985,19.2075,29550.3,2777.78,0.004,0.01,0,0,0,0
6,gnb,ue[7],0,11.1009,500,500,30,586.489,580.114,9.42881,DL,1400,0.005,1,119.674,51.8441,46.7025,81403.9,3144.33,0.004,0.004,0,0,0,0
6,gnb,ue[8],0,15.3048,500,500,30,550.828,600.449,6.3369,DL,1400,0.005,1,115.037,68.1171,42.4811,64889,3112.24,0.004,0.004,0,0,0,0
6,gnb,ue[9],0,14.7759,500,500,30,160.68,199.435,79.3597,DL,1400,0.005,1,455.976,36.7287,21.6237,61649.5,3066.04,0.004,0.004,0,0,0,0
6.1,gnb,ue[0],0,16.6995,500,500,30,210.566,236.639,3.92105,DL,1400,0.005,1,392.187,41.2186,21.8095,52312.5,3019.8,0.004,0.01,0,0,0,0
6.1,gnb,ue[1],0,15.341,500,500,30,901.828,530.095,67.5955,DL,1400,0.005,1,404.703,39.7659,8.95098,32894.7,3218.75,0.004,0.004,0,0,0,0
6.1,gnb,ue[2],0,7.91566,500,500,30,905.335,919.388,3.52198,DL,1400,0.005,1,583.853,21.9986,11.4122,31945,2981.65,0.01,0.004,0,0,0,0
6.1,gnb,ue[3],0,21.8236,500,500,30,207.948,612.72,29.0761,DL,1400,0.005,1,313.051,42.197,14.5859,49468.5,3250,0.004,0.004,0,0,0,0
6.1,gnb,ue[4],0,9.29956,500,500,30,280.928,163.464,6.18892,DL,1400,0.005,1,402.264,27.7805,27.9565,31833.9,2850.47,0.01,0.004,0,0,0,0
6.1,gnb,ue[5],0,13.3443,500,500,30,459.071,490.799,66.6817,DL,1400,0.005,1,55.726,73.6069,49.2046,86478.9,3112.24,0.004,0.004,0,0,0,0
6.1,gnb,ue[6],0,1.15668,500,500,30,171.537,461.763,77.9111,DL,1400,0.005,1,334.134,39.6371,23.5094,29278.3,2777.78,0.029,0.01,0,0,0,0
6.1,gnb,ue[7],0,0.471783,500,500,30,586.496,580.78,9.42881,DL,1400,0.005,1,120.125,55.7535,43.8948,84790.4,3144.33,0.004,0.004,0,0,0,0
6.1,gnb,ue[8],0,15.6237,500,500,30,549.593,601.432,6.3369,DL,1400,0.005,1,115.36,65.6931,40.8369,66326.4,3112.24,0.004,0.004,0,0,0,0
6.1,gnb,ue[9],0,17.4957,500,500,30,159.546,198.694,79.3597,DL,1400,0.005,1,457.308,36.7287,17.1296,61649.5,3066.04,0.004,0.004,0,0,0,0
6.2,gnb,ue[0],0,13.3234,500,500,30,211.683,236.23,3.92105,DL,1400,0.005,1,391.64,42.4318,19.2359,53152.8,3019.8,0.004,0.01,0,0,0,0
6.2,gnb,ue[1],0,16.8218,500,500,30,900.666,531.077,67.5955,DL,1400,0.005,1,403.624,39.7659,15.8159,32894.7,3218.75,0.004,0.004,0,0,0,0
6.2,gnb,ue[2],0,12.6586,500,500,30,905.06,918.345,3.52198,DL,1400,0.005,1,582.913,21.9986,13.1478,31945,2981.65,0.01,0.004,0,0,0,0
6.2,gnb,ue[3],0,19.451,500,500,30,209.783,612.82,29.0761,DL,1400,0.005,1,311.376,42.6335,13.6096,49994.2,3250,0.004,0.004,0,0,0,0
6.2,gnb,ue[4],0,10.3582,500,500,30,281.231,164.462,6.18892,DL,1400,0.005,1,401.264,27.7805,30.0219,31833.9,2850.47,0.01,0.004,0,0,0,0
6.2,gnb,ue[5],0,15.113,500,500,30,459.984,489.872,66.6817,DL,1400,0.005,1,55.2213,70.4291,51.6726,89323.9,3112.24,0.004,0.004,0,0,0,0
6.2,gnb,ue[6],0,10.7558,500,500,30,171.706,461.976,77.9111,DL,1400,0.005,1,333.944,37.5286,19.1376,29250.6,2777.78,0.004,0.01,0,0,0,0
6.2,gnb,ue[7],0,7.52062,500,500,30,586.461,581.194,9.42881,DL,1400,0.005,1,120.379,54.5139,45.126,86833.3,3144.33,0.004,0.004,0,0,0,0
6.2,gnb,ue[8],0,12.0342,500,500,30,548.728,602.584,6.3369,DL,1400,0.005,1,116.008,67.7581,32.7885,67503.5,3112.24,0.004,0.004,0,0,0,0
6.2,gnb,ue[9],0,15.3239,500,500,30,158.45,198.07,79.3597,DL,1400,0.005,1,458.535,36.7287,22.5997,61649.5,3066.04,0.004,0.004,0,0,0,0
6.3,gnb,ue[0],0,22.6226,500,500,30,212.724,235.76,3.92105,DL,1400,0.005,1,391.191,42.6549,21.3031,53430.8,3019.8,0.004,0.01,0,0,0,0
6.3,gnb,ue[1],0,19.3254,500,500,30,899.931,532.36,67.5955,DL,1400,0.005,1,402.996,31.5431,10.3023,22166,3218.75,0.01,0.004,0,0,0,0
6.3,gnb,ue[2],0,0.727825,500,500,30,905.195,917.491,3.52198,DL,1400,0.005,1,582.394,21.9986,13.0907,31945,2981.65,0.01,0.004,0,0,0,0
6.3,gnb,ue[3],0,11.5804,500,500,30,211.275,613.238,29.0761,DL,1400,0.005,1,310.138,40.2051,14.263,51069.2,3250,0.004,0.004,0,0,0,0
6.3,gnb,ue[4],0,14.2087,500,500,30,281.362,165.476,6.18892,DL,1400,0.005,1,400.344,27.7805,29.5703,31833.9,2850.47,0.01,0.004,0,0,0,0
6.3,gnb,ue[5],0,18.0984,500,500,30,460.337,488.382,66.6817,DL,1400,0.005,1,55.2598,73.9959,51.445,92021,3112.24,0.004,0.004,0,0,0,0
6.3,gnb,ue[6],0,12.9249,500,500,30,172.044,462.841,77.9111,DL,1400,0.005,1,333.514,37.4169,17.3439,30001.6,2777.78,0.004,0.01,0,0,0,0
6.3,gnb,ue[7],0,12.5745,500,500,30,586.015,582.209,9.42881,DL,1400,0.005,1,120.748,55.5598,46.6161,88260,3144.33,0.004,0.004,0,0,0,0
6.3,gnb,ue[8],0,5.45295,500,500,30,548.068,603.811,6.3369,DL,1400,0.005,1,116.821,65.4745,38.9568,67897.7,3112.24,0.004,0.004,0,0,0,0
6.3,gnb,ue[9],0,9.36921,500,500,30,156.916,197.73,79.3597,DL,1400,0.005,1,459.903,36.7287,20.7438,61649.5,3066.04,0.004,0.004,0,0,0,0
6.4,gnb,ue[0],0,18.9948,500,500,30,214.313,235.249,3.92105,DL,1400,0.005,1,390.373,26.2576,24.4421,53475.6,3019.8,0.004,0.01,0,0,0,0
6.4,gnb,ue[1],0,18.436,500,500,30,898.408,533.583,67.5955,DL,1400,0.005,1,401.585,31.5431,13.0236,22166,3218.75,0.01,0.004,0,0,0,0
6.4,gnb,ue[2],0,8.32608,500,500,30,905.132,916.745,3.52198,DL,1400,0.005,1,581.815,21.9986,13.0875,31945,2981.65,0.01,0.004,0,0,0,0
6.4,gnb,ue[3],0,17.0901,500,500,30,213.041,613.897,29.0761,DL,1400,0.005,1,308.738,40.908,13.1898,52208.9,3250,0.015,0.004,0,0,0,0
6.4,gnb,ue[4],0,10.5962,500,500,30,281.188,166.781,6.18892,DL,1400,0.005,1,399.35,27.7805,32.6111,31833.9,2850.47,0.01,0.004,0,0,0,0
6.4,gnb,ue[5],0,15.5616,500,500,30,460.907,486.745,66.6817,DL,1400,0.005,1,55.2225,70.4379,52.1062,94011.3,3112.24,0.004,0.004,0,0,0,0
6.4,gnb,ue[6],0,10.0505,500,500,30,172.581,463.764,77.9111,DL,1400,0.005,1,332.883,36.5517,23.4049,30386.5,2777.78,0.004,0.01,0,0,0,0
6.4,gnb,ue[7],0,12.4788,500,500,30,585.71,582.98,9.42881,DL,1400,0.005,1,121.059,56.3943,45.4295,91055.8,3144.33,0.004,0.004,0,0,0,0
6.4,gnb,ue[8],0,14.6029,500,500,30,547.567,604.233,6.3369,DL,1400,0.005,1,116.992,67.0282,43.6081,69317.1,3112.24,0.004,0.004,0,0,0,0
6.4,gnb,ue[9],0,9.83561,500,500,30,155.906,197.104,79.3597,DL,1400,0.005,1,461.068,36.7287,18.1472,61649.5,3066.04,0.004,0.004,0,0,0,0
6.5,gnb,ue[0],0,13.1761,500,500,30,215.416,234.865,3.92105,DL,1400,0.005,1,389.826,33.5045,19.2373,52821,3019.8,0.004,0.01,0,0,0,0
6.5,gnb,ue[1],0,15.7422,500,500,30,897.44,534.935,67.5955,DL,1400,0.005,1,400.74,31.5431,14.3755,22166,3218.75,0.01,0.004,0,0,0,0
6.5,gnb,ue[2],0,10.0051,500,500,30,905.301,916.039,3.52198,DL,1400,0.005,1,581.428,21.9986,11.1709,31945,2981.65,0.01,0.004,0,0,0,0
6.5,gnb,ue[3],0,13.2649,500,500,30,214.34,614.713,29.0761,DL,1400,0.005,1,307.834,40.2101,15.9019,52814.4,3250,0.004,0.004,0,0,0,0
6.5,gnb,ue[4],0,10.688,500,500,30,281.212,168.039,6.18892,DL,1400,0.005,1,398.287,35.4523,24.6729,19928.8,2850.47,0.004,0.004,0,0,0,0
6.5,gnb,ue[5],0,16.1077,500,500,30,461.936,485.35,66.6817,DL,1400,0.005,1,54.8549,73.2632,54.2293,95227.8,3112.24,0.004,0.004,0,0,0,0
6.5,gnb,ue[6],0,5.44538,500,500,30,172.93,464.343,77.9111,DL,1400,0.005,1,332.478,35.6183,21.4925,30392.5,2777.78,0.004,0.01,0,0,0,0
6.5,gnb,ue[7],0,7.95453,500,500,30,585.639,583.864,9.42881,DL,1400,0.005,1,121.616,55.2212,44.1555,94284,3144.33,0.004,0.004,0,0,0,0
6.5,gnb,ue[8],0,7.82221,500,500,30,547.004,605.085,6.3369,DL,1400,0.005,1,117.526,66.0933,40.4517,71186.3,3112.24,0.004,0.004,0,0,0,0
6.5,gnb,ue[9],0,7.92252,500,500,30,155.021,196.835,79.3597,DL,1400,0.005,1,461.905,36.7287,20.6618,61649.5,3066.04,0.004,0.004,0,0,0,0
6.6,gnb,ue[0],0,14.1578,500,500,30,216.518,234.332,3.92105,DL,1400,0.005,1,389.386,34.2218,16.5869,52821,3019.8,0.004,0.01,0,0,0,0
6.6,gnb,ue[1],0,10.6482,500,500,30,896.739,536.123,67.5955,DL,1400,0.005,1,400.151,31.5431,16.8722,22166,3218.75,0.01,0.004,0,0,0,0
6.6,gnb,ue[2],0,13.1419,500,500,30,905.681,915.281,3.52198,DL,1400,0.005,1,581.151,21.9986,5.41365,31945,2981.65,0.01,0.004,0,0,0,0
6.6,gnb,ue[3],0,16.788,500,500,30,216.04,614.894,29.0761,DL,1400,0.005,1,306.325,43.7335,11.4413,53308.7,3250,0.004,0.004,0,0,0,0
6.6,gnb,ue[4],0,18.9177,500,500,30,281.754,169.676,6.18892,DL,1400,0.005,1,396.626,35.4523,28.8617,19928.8,2850.47,0.004,0.004,0,0,0,0
6.6,gnb,ue[5],0,17.6094,500,500,30,463.188,483.976,66.6817,DL,1400,0.005,1,54.3825,70.7508,53.2827,95879.7,3112.24,0.004,0.004,0,0,0,0
6.6,gnb,ue[6],0,6.90899,500,500,30,173.144,464.68,77.9111,DL,1400,0.005,1,332.232,36.7837,23.7533,30666.5,2777.78,0.004,0.01,0,0,0,0
6.6,gnb,ue[7],0,6.41507,500,500,30,585.657,584.759,9.42881,DL,1400,0.005,1,122.247,52.3254,38.4174,97352.5,3144.33,0.004,0.004,0,0,0,0
6.6,gnb,ue[8],0,13.9866,500,500,30,546.353,605.913,6.3369,DL,1400,0.005,1,118.009,59.1392,36.6796,73944.2,3112.24,0.004,0.004,0,0,0,0
6.6,gnb,ue[9],0,18.4108,500,500,30,153.821,196.083,79.3597,DL,1400,0.005,1,463.294,36.7287,14.9068,61649.5,3066.04,0.004,0.004,0,0,0,0
6.7,gnb,ue[0],0,18.7736,500,500,30,217.854,233.514,3.92105,DL,1400,0.005,1,388.974,33.1065,18.2853,53158.1,3019.8,0.004,0.01,0,0,0,0
6.7,gnb,ue[1],0,18.0469,500,500,30,896.034,537.101,67.5955,DL,1400,0.005,1,399.541,31.2535,16.6322,22166,3218.75,0.01,0.004,0,0,0,0
6.7,gnb,ue[2],0,9.43751,500,500,30,906.009,914.28,3.52198,DL,1400,0.005,1,580.665,21.9986,3.73292,31945,2981.65,0.01,0.004,0,0,0,0
6.7,gnb,ue[3],0,17.5021,500,500,30,217.327,615.488,29.0761,DL,1400,0.005,1,305.357,42.267,15.0916,53762.2,3250,0.004,0.004,0,0,0,0
6.7,gnb,ue[4],0,10.5219,500,500,30,282.047,170.86,6.18892,DL,1400,0.005,1,395.479,35.4523,22.9798,19928.8,2850.47,0.004,0.004,0,0,0,0
6.7,gnb,ue[5],0,15.2059,500,500,30,464.338,482.74,66.6817,DL,1400,0.005,1,53.993,70.0699,53.544,97768.2,3112.24,0.004,0.004,0,0,0,0
6.7,gnb,ue[6],0,17.11,500,500,30,173.544,465.605,77.9111,DL,1400,0.005,1,331.74,44.456,20.3295,31072.1,2777.78,0.012,0.01,0,0,0,0
6.7,gnb,ue[7],0,3.3455,500,500,30,585.575,585.303,9.42881,DL,1400,0.005,1,122.568,55.0827,43.7325,98871.8,3144.33,0.004,0.004,0,0,0,0
6.7,gnb,ue[8],0,16.0987,500,500,30,545.72,607.17,6.3369,DL,1400,0.005,1,118.893,56.6227,32.2109,74603.5,3112.24,0.004,0.004,0,0,0,0
6.7,gnb,ue[9],0,13.955,500,500,30,152.225,195.785,79.3597,DL,1400,0.005,1,464.683,36.7287,21.3446,61649.5,3066.04,0.004,0.004,0,0,0,0
6.8,gnb,ue[0],0,15.0459,500,500,30,219.424,233.137,3.92105,DL,1400,0.005,1,388.096,36.0501,20.794,53348.1,3019.8,0.004,0.01,0,0,0,0
6.8,gnb,ue[1],0,23.2067,500,500,30,895.065,538.555,67.5955,DL,1400,0.005,1,398.718,31.1404,12.6267,20875,3218.75,0.088,0.004,0,0,0,0
6.8,gnb,ue[2],0,3.12484,500,500,30,906.27,913.613,3.52198,DL,1400,0.005,1,580.373,21.9986,7.58382,31945,2981.65,0.01,0.004,0,0,0,0
6.8,gnb,ue[3],0,7.80973,500,500,30,218.867,616.151,29.0761,DL,1400,0.005,1,304.184,27.579,15.5383,54332.2,3250,0.004,0.004,0,0,0,0
6.8,gnb,ue[4],0,7.39382,500,500,30,282.314,171.735,6.18892,DL,1400,0.005,1,394.604,33.7541,30.1239,19928.8,2850.47,0.004,0.004,0,0,0,0
6.8,gnb,ue[5],0,23.9602,500,500,30,465.171,481.124,66.6817,DL,1400,0.005,1,53.9901,70.1202,50.1636,98832,3112.24,0.004,0.004,0,0,0,0
6.8,gnb,ue[6],0,5.27466,500,500,30,173.989,466.284,77.9111,DL,1400,0.005,1,331.233,46.185,20.5437,32207.8,2777.78,0.004,0.01,0,0,0,0
6.8,gnb,ue[7],0,8.34572,500,500,30,585.76,586.112,9.42881,DL,1400,0.005,1,123.261,53.2852,43.7997,100489,3144.33,0.004,0.004,0,0,0,0
6.8,gnb,ue[8],0,11.7737,500,500,30,544.759,608.385,6.3369,DL,1400,0.005,1,119.627,58.2854,41.2143,76256.3,3112.24,0.004,0.004,0,0,0,0
6.8,gnb,ue[9],0,7.93692,500,500,30,151.606,195.435,79.3597,DL,1400,0.005,1,465.376,36.7287,23.8109,61649.5,3066.04,0.004,0.004,0,0,0,0
6.9,gnb,ue[0],0,10.0435,500,500,30,220.783,233.026,3.92105,DL,1400,0.005,1,387.192,36.0903,22.6636,54198.9,3019.8,0.004,0.01,0,0,0,0
6.9,gnb,ue[1],0,12.8567,500,500,30,894.237,539.877,67.5955,DL,1400,0.005,1,398.028,31.1404,9.06676,20875,3218.75,0.088,0.004,0,0,0,0
6.9,gnb,ue[2],0,17.2489,500,500,30,906.206,912.492,3.52198,DL,1400,0.005,1,579.53,21.9986,6.01991,31945,2981.65,0.01,0.004,0,0,0,0
6.9,gnb,ue[3],0,22.1831,500,500,30,220.596,616.405,29.0761,DL,1400,0.005,1,302.684,27.579,13.2144,54332.2,3250,0.004,0.004,0,0,0,0
6.9,gnb,ue[4],0,12.5919,500,500,30,282.684,172.792,6.18892,DL,1400,0.005,1,393.52,34.7515,31.9826,19005.3,2850.47,0.004,0.004,0,0,0,0
6.9,gnb,ue[5],0,21.6698,500,500,30,466.439,479.546,66.6817,DL,1400,0.005,1,53.7608,68.5962,51.6481,98955.8,3112.24,0.004,0.004,0,0,0,0
6.9,gnb,ue[6],0,7.98978,500,500,30,174.336,466.976,77.9111,DL,1400,0.005,1,330.822,47.8635,20.6436,33163.7,2777.78,0.004,0.01,0,0,0,0
6.9,gnb,ue[7],0,11.2993,500,500,30,585.685,587.174,9.42881,DL,1400,0.005,1,123.953,54.9114,42.2649,102808,3144.33,0.004,0.004,0,0,0,0
6.9,gnb,ue[8],0,13.1305,500,500,30,543.67,609.199,6.3369,DL,1400,0.005,1,119.964,58.2051,38.3194,78987.4,3112.24,0.004,0.004,0,0,0,0
6.9,gnb,ue[9],0,25.9404,500,500,30,150.503,195.162,79.3597,DL,1400,0.005,1,466.38,36.7287,16.3116,61649.5,3066.04,0.004,0.004,0,0,0,0
7,gnb,ue[0],0,16.0821,500,500,30,221.902,232.251,3.92105,DL,1400,0.005,1,386.921,39.0589,22.2926,54823.3,3019.8,0.004,0.01,0,0,0,0
7,gnb,ue[1],0,15.5873,500,500,30,893.647,540.682,67.5955,DL,1400,0.005,1,397.526,31.1404,10.4205,20875,3218.75,0.088,0.004,0,0,0,0
7,gnb,ue[2],0,8.5721,500,500,30,906.146,911.269,3.52198,DL,1400,0.005,1,578.617,21.9986,6.8098,31945,2981.65,0.01,0.004,0,0,0,0
7,gnb,ue[3],0,20.4246,500,500,30,222.795,616.788,29.0761,DL,1400,0.005,1,300.803,27.579,16.588,54332.2,3250,0.004,0.004,0,0,0,0
7,gnb,ue[4],0,10.4298,500,500,30,283.021,174.148,6.18892,DL,1400,0.005,1,392.207,32.8404,31.7825,18932.8,2850.47,0.018,0.004,0,0,0,0
7,gnb,ue[5],0,16.0302,500,500,30,467.294,478.19,66.6817,DL,1400,0.005,1,53.7673,72.3565,55.867,99367.6,3112.24,0.004,0.004,0,0,0,0
7,gnb,ue[6],0,8.85789,500,500,30,175.077,467.363,77.9111,DL,1400,0.005,1,330.054,46.4548,21.9499,33604,2777.78,0.004,0.01,0,0,0,0
7,gnb,ue[7],0,0.319103,500,500,30,585.761,588.296,9.42881,DL,1400,0.005,1,124.797,56.5177,44.6695,105991,3144.33,0.004,0.004,0,0,0,0
7,gnb,ue[8],0,6.61729,500,500,30,542.773,609.931,6.3369,DL,1400,0.005,1,120.309,59.0333,38.2752,80063.5,3112.24,0.004,0.004,0,0,0,0
7,gnb,ue[9],0,20.3071,500,500,30,148.604,194.55,79.3597,DL,1400,0.005,1,468.204,36.7287,18.8454,61649.5,3066.04,0.004,0.004,0,0,0,0
7.1,gnb,ue[0],0,5.27205,500,500,30,223.161,231.549,3.92105,DL,1400,0.005,1,386.504,38.9962,20.3552,54748.6,3019.8,0.004,0.01,0,0,0,0
7.1,gnb,ue[1],0,18.1939,500,500,30,892.578,541.924,67.5955,DL,1400,0.005,1,396.596,31.1404,8.38424,20875,3218.75,0.088,0.004,0,0,0,0
7.1,gnb,ue[2],0,9.13329,500,500,30,905.927,910.544,3.52198,DL,1400,0.005,1,577.948,21.9986,2.96542,31945,2981.65,0.01,0.004,0,0,0,0
7.1,gnb,ue[3],0,22.04,500,500,30,224.739,616.891,29.0761,DL,1400,0.005,1,299.053,27.579,11.6687,54332.2,3250,0.004,0.004,0,0,0,0
7.1,gnb,ue[4],0,12.7508,500,500,30,283.258,175.26,6.18892,DL,1400,0.005,1,391.152,33.5788,27.7564,18954,2850.47,0.004,0.004,0,0,0,0
7.1,gnb,ue[5],0,13.5348,500,500,30,467.941,477.303,66.6817,DL,1400,0.005,1,53.7447,68.6335,45.907,99849,3112.24,0.004,0.004,0,0,0,0
7.1,gnb,ue[6],0,13.3914,500,500,30,175.383,467.859,77.9111,DL,1400,0.005,1,329.704,44.0051,24.5671,34621.4,2777.78,0.004,0.01,0,0,0,0
7.1,gnb,ue[7],0,6.28198,500,500,30,585.66,588.687,9.42881,DL,1400,0.005,1,125.005,56.4946,41.3056,108987,3144.33,0.004,0.004,0,0,0,0
7.1,gnb,ue[8],0,14.9339,500,500,30,542.163,610.607,6.3369,DL,1400,0.005,1,120.713,57.2945,39.3323,82311.7,3112.24,0.004,0.004,0,0,0,0
7.1,gnb,ue[9],0,3.70648,500,500,30,147.562,194.238,79.3597,DL,1400,0.005,1,469.19,36.7287,16.7685,61649.5,3066.04,0.004,0.004,0,0,0,0
7.2,gnb,ue[0],0,9.58952,500,500,30,224.082,231.282,3.92105,DL,1400,0.005,1,386.032,42.3883,19.7828,55823.2,3019.8,0.004,0.01,0,0,0,0
7.2,gnb,ue[1],0,19.0343,500,500,30,891.633,542.974,67.5955,DL,1400,0.005,1,395.774,31.1404,13.4916,20875,3218.75,0.088,0.004,0,0,0,0
7.2,gnb,ue[2],0,8.14385,500,500,30,905.881,909.603,3.52198,DL,1400,0.005,1,577.248,21.9986,3.42672,31945,2981.65,0.01,0.004,0,0,0,0
7.2,gnb,ue[3],0,20.1113,500,500,30,226.574,617.419,29.0761,DL,1400,0.005,1,297.574,31.1243,5.75142,51798.6,3250,0.352,0.004,0,0,0,0
7.2,gnb,ue[4],0,11.6292,500,500,30,283.703,176.345,6.18892,DL,1400,0.005,1,390.005,33.5788,31.4573,18954,2850.47,0.004,0.004,0,0,0,0
7.2,gnb,ue[5],0,17.0929,500,500,30,468.971,476.072,66.6817,DL,1400,0.005,1,53.674,71.573,47.8662,99749.6,3112.24,0.004,0.004,0,0,0,0
7.2,gnb,ue[6],0,8.99801,500,500,30,176.164,468.904,77.9111,DL,1400,0.005,1,328.834,43.1012,20.2588,35979.7,2777.78,0.004,0.01,0,0,0,0
7.2,gnb,ue[7],0,9.95775,500,500,30,585.881,589.533,9.42881,DL,1400,0.005,1,125.757,56.3956,44.9044,111719,3144.33,0.004,0.004,0,0,0,0
7.2,gnb,ue[8],0,14.1283,500,500,30,541.159,611.538,6.3369,DL,1400,0.005,1,121.222,58.0282,38.945,83551,3112.24,0.004,0.004,0,0,0,0
7.2,gnb,ue[9],0,15.2657,500,500,30,146.841,193.759,79.3597,DL,1400,0.005,1,470.043,36.7287,12.4893,61649.5,3066.04,0.004,0.004,0,0,0,0
7.3,gnb,ue[0],0,18.2761,500,500,30,224.904,231.035,3.92105,DL,1400,0.005,1,385.616,45.274,22.2474,56065.9,3019.8,0.004,0.01,0,0,0,0
7.3,gnb,ue[1],0,18.6631,500,500,30,890.175,544.203,67.5955,DL,1400,0.005,1,394.467,40.1172,12.9214,20322.6,3218.75,0.004,0.004,0,0,0,0
7.3,gnb,ue[2],0,5.44273,500,500,30,905.741,909.113,3.52198,DL,1400,0.005,1,576.802,21.9986,5.9104,31945,2981.65,0.01,0.004,0,0,0,0
7.3,gnb,ue[3],0,25.0843,500,500,30,228.345,618.324,29.0761,DL,1400,0.005,1,296.307,31.1243,16.397,51798.6,3250,0.352,0.004,0,0,0,0
7.3,gnb,ue[4],0,8.87239,500,500,30,283.816,177.509,6.18892,DL,1400,0.005,1,388.977,36.2836,26.8765,18954,2850.47,0.004,0.004,0,0,0,0
7.3,gnb,ue[5],0,11.5328,500,500,30,469.557,474.308,66.6817,DL,1400,0.005,1,54.1517,71.9137,52.0822,100777,3112.24,0.004,0.004,0,0,0,0
7.3,gnb,ue[6],0,7.36216,500,500,30,176.525,469.485,77.9111,DL,1400,0.005,1,328.424,43.7343,23.1723,36381.2,2777.78,0.004,0.01,0,0,0,0
7.3,gnb,ue[7],0,7.48669,500,500,30,585.694,590.402,9.42881,DL,1400,0.005,1,126.25,56.3256,44.4261,113334,3144.33,0.004,0.004,0,0,0,0
7.3,gnb,ue[8],0,17.4383,500,500,30,540.381,612.594,6.3369,DL,1400,0.005,1,121.935,63.3083,37.4706,85267,3112.24,0.004,0.004,0,0,0,0
7.3,gnb,ue[9],0,17.7266,500,500,30,145.516,193.292,79.3597,DL,1400,0.005,1,471.344,36.7287,16.5585,61649.5,3066.04,0.004,0.004,0,0,0,0
7.4,gnb,ue[0],0,19.7582,500,500,30,225.945,229.919,3.92105,DL,1400,0.005,1,385.656,40.3032,21.3144,56290.6,3019.8,0.004,0.01,0,0,0,0
7.4,gnb,ue[1],0,14.7116,500,500,30,889.028,545.465,67.5955,DL,1400,0.005,1,393.476,40.9456,13.8965,20883,3218.75,0.004,0.004,0,0,0,0
7.4,gnb,ue[2],0,9.36399,500,500,30,905.573,908.132,3.52198,DL,1400,0.005,1,575.988,21.9986,0.138504,31945,2981.65,0.01,0.004,0,0,0,0
7.4,gnb,ue[3],0,18.9637,500,500,30,230.172,618.865,29.0761,DL,1400,0.005,1,294.851,31.1243,15.7207,51798.6,3250,0.352,0.004,0,0,0,0
7.4,gnb,ue[4],0,13.6262,500,500,30,283.735,178.484,6.18892,DL,1400,0.005,1,388.214,36.1845,31.0152,18497.1,2850.47,0.029,0.004,0,0,0,0
7.4,gnb,ue[5],0,14.6241,500,500,30,470.128,473.074,66.6817,DL,1400,0.005,1,54.4321,72.0247,48.7387,101988,3112.24,0.004,0.004,0,0,0,0
7.4,gnb,ue[6],0,7.99629,500,500,30,177.075,470.069,77.9111,DL,1400,0.005,1,327.829,47.5154,18.1667,37140.7,2777.78,0.004,0.01,0,0,0,0
7.4,gnb,ue[7],0,6.97018,500,500,30,585.7,591.105,9.42881,DL,1400,0.005,1,126.759,56.2571,40.4904,114845,3144.33,0.004,0.004,0,0,0,0
7.4,gnb,ue[8],0,13.6156,500,500,30,539.433,613.059,6.3369,DL,1400,0.005,1,122.054,57.9088,34.6889,86489.7,3112.24,0.004,0.004,0,0,0,0
7.4,gnb,ue[9],0,11.3075,500,500,30,144.429,192.655,79.3597,DL,1400,0.005,1,472.576,36.7287,19.497,61649.5,3066.04,0.004,0.004,0,0,0,0
7.5,gnb,ue[0],0,11.9794,500,500,30,227.493,229.317,3.92105,DL,1400,0.005,1,384.98,45.1764,22.8524,56409,3019.8,0.004,0.01,0,0,0,0
7.5,gnb,ue[1],0,14.0012,500,500,30,888.159,546.575,67.5955,DL,1400,0.005,1,392.747,38.7507,11.9772,21391.9,3218.75,0.011,0.004,0,0,0,0
7.5,gnb,ue[2],0,16.2431,500,500,30,905.703,907.182,3.52198,DL,1400,0.005,1,575.408,21.9986,7.32907,31945,2981.65,0.01,0.004,0,0,0,0
7.5,gnb,ue[3],0,18.0616,500,500,30,231.924,619.684,29.0761,DL,1400,0.005,1,293.581,31.1243,14.1082,51798.6,3250,0.352,0.004,0,0,0,0
7.5,gnb,ue[4],0,12.4284,500,500,30,284.264,179.905,6.18892,DL,1400,0.005,1,386.743,36.1845,30.0664,18497.1,2850.47,0.029,0.004,0,0,0,0
7.5,gnb,ue[5],0,19.7225,500,500,30,471.052,472.285,66.6817,DL,1400,0.005,1,54.3286,66.0707,54.4433,103399,3112.24,0.004,0.004,0,0,0,0
7.5,gnb,ue[6],0,16.0365,500,500,30,177.858,470.797,77.9111,DL,1400,0.005,1,326.992,44.0633,18.8476,38221,2777.78,0.004,0.01,0,0,0,0
7.5,gnb,ue[7],0,10.1491,500,500,30,585.352,591.932,9.42881,DL,1400,0.005,1,127.121,56.2108,43.745,116547,3144.33,0.004,0.004,0,0,0,0
7.5,gnb,ue[8],0,14.5387,500,500,30,538.672,613.723,6.3369,DL,1400,0.005,1,122.427,59.206,40.7641,87506.5,3112.24,0.004,0.004,0,0,0,0
7.5,gnb,ue[9],0,6.72834,500,500,30,143.448,192.111,79.3597,DL,1400,0.005,1,473.668,36.7287,18.0214,61649.5,3066.04,0.004,0.004,0,0,0,0
7.6,gnb,ue[0],0,15.1473,500,500,30,228.431,228.702,3.92105,DL,1400,0.005,1,384.75,45.6789,22.2033,56752.9,3019.8,0.004,0.01,0,0,0,0
7.6,gnb,ue[1],0,17.578,500,500,30,887.296,547.493,67.5955,DL,1400,0.005,1,392.004,41.79,8.52354,21912,3218.75,0.004,0.004,0,0,0,0
7.6,gnb,ue[2],0,9.8269,500,500,30,905.7,906.353,3.52198,DL,1400,0.005,1,574.819,21.9986,6.65882,31945,2981.65,0.01,0.004,0,0,0,0
7.6,gnb,ue[3],0,18.5688,500,500,30,233.596,620.641,29.0761,DL,1400,0.005,1,292.449,31.1243,12.9558,51798.6,3250,0.352,0.004,0,0,0,0
7.6,gnb,ue[4],0,9.27323,500,500,30,284.569,180.866,6.18892,DL,1400,0.005,1,385.777,36.1845,27.8006,18497.1,2850.47,0.029,0.004,0,0,0,0
7.6,gnb,ue[5],0,16.474,500,500,30,472.156,470.873,66.6817,DL,1400,0.005,1,54.4905,70.4285,48.9504,104901,3112.24,0.004,0.004,0,0,0,0
7.6,gnb,ue[6],0,13.4085,500,500,30,178.605,471.776,77.9111,DL,1400,0.005,1,326.17,48.8252,22.9252,39077.1,2777.78,0.004,0.01,0,0,0,0
7.6,gnb,ue[7],0,6.81553,500,500,30,585.039,592.699,9.42881,DL,1400,0.005,1,127.467,56.5057,44.7851,118089,3144.33,0.004,0.004,0,0,0,0
7.6,gnb,ue[8],0,18.1577,500,500,30,537.634,614.78,6.3369,DL,1400,0.005,1,123.088,57.7707,39.5762,88335.4,3112.24,0.004,0.004,0,0,0,0
7.6,gnb,ue[9],0,12.0417,500,500,30,142.787,191.732,79.3597,DL,1400,0.005,1,474.412,36.7287,14.3549,61649.5,3066.04,0.004,0.004,0,0,0,0
7.7,gnb,ue[0],0,17.1322,500,500,30,230.109,227.878,3.92105,DL,1400,0.005,1,384.15,40.674,22.3525,57615.2,3019.8,0.004,0.01,0,0,0,0
7.7,gnb,ue[1],0,17.745,500,500,30,886.215,548.57,67.5955,DL,1400,0.005,1,391.068,37.167,10.708,22671.4,3218.75,0.004,0.004,0,0,0,0
7.7,gnb,ue[2],0,16.8891,500,500,30,905.842,905.329,3.52198,DL,1400,0.005,1,574.195,21.9986,3.7077,31945,2981.65,0.01,0.004,0,0,0,0
7.7,gnb,ue[3],0,17.0663,500,500,30,235.492,621.286,29.0761,DL,1400,0.005,1,290.99,31.1243,26.0071,51798.6,3250,0.352,0.004,0,0,0,0
7.7,gnb,ue[4],0,9.50857,500,500,30,285.022,181.929,6.18892,DL,1400,0.005,1,384.645,30.6407,26.7949,18177.1,2850.47,0.004,0.004,0,0,0,0
7.7,gnb,ue[5],0,17.4061,500,500,30,473.069,469.793,66.6817,DL,1400,0.005,1,54.6194,65.9959,50.9916,106038,3112.24,0.004,0.004,0,0,0,0
7.7,gnb,ue[6],0,8.34528,500,500,30,179.751,472.575,77.9111,DL,1400,0.005,1,324.973,44.4771,21.4366,39252.8,2777.78,0.004,0.01,0,0,0,0
7.7,gnb,ue[7],0,11.2214,500,500,30,584.933,593.619,9.42881,DL,1400,0.005,1,128.068,56.09,43.2287,119478,3144.33,0.004,0.004,0,0,0,0
7.7,gnb,ue[8],0,16.9715,500,500,30,536.471,615.745,6.3369,DL,1400,0.005,1,123.64,60.039,39.215,89146.8,3112.24,0.004,0.004,0,0,0,0
7.7,gnb,ue[9],0,11.2146,500,500,30,141.561,191.069,79.3597,DL,1400,0.005,1,475.766,36.7287,14.9977,61649.5,3066.04,0.004,0.004,0,0,0,0
7.8,gnb,ue[0],0,15.5969,500,500,30,231.304,227.049,3.92105,DL,1400,0.005,1,383.901,40.0759,18.9235,57709.1,3019.8,0.004,0.01,0,0,0,0
7.8,gnb,ue[1],0,18.1759,500,500,30,885.684,549.677,67.5955,DL,1400,0.005,1,390.683,31.3694,12.002,23473.4,3218.75,0.004,0.004,0,0,0,0
7.8,gnb,ue[2],0,21.352,500,500,30,906.023,903.975,3.52198,DL,1400,0.005,1,573.369,21.9986,4.15009,31945,2981.65,0.01,0.004,0,0,0,0
7.8,gnb,ue[3],0,21.0972,500,500,30,237.135,621.596,29.0761,DL,1400,0.005,1,289.628,31.1243,28.5642,51798.6,3250,0.352,0.004,0,0,0,0
7.8,gnb,ue[4],0,9.17693,500,500,30,285.022,183.119,6.18892,DL,1400,0.005,1,383.661,35.0235,28.2133,17931.3,2850.47,0.138,0.004,0,0,0,0
7.8,gnb,ue[5],0,10.7835,500,500,30,473.602,468.523,66.6817,DL,1400,0.005,1,55.0747,72.293,45.9235,107606,3112.24,0.004,0.004,0,0,0,0
7.8,gnb,ue[6],0,4.31817,500,500,30,180.133,473.144,77.9111,DL,1400,0.005,1,324.548,47.7804,21.4165,40296.2,2777.78,0.004,0.01,0,0,0,0
7.8,gnb,ue[7],0,9.75044,500,500,30,584.751,594.936,9.42881,DL,1400,0.005,1,128.913,55.9775,43.9181,120958,3144.33,0.004,0.004,0,0,0,0
7.8,gnb,ue[8],0,14.8474,500,500,30,535.36,616.878,6.3369,DL,1400,0.005,1,124.382,56.4277,45.2669,89362.7,3112.24,0.004,0.004,0,0,0,0
7.8,gnb,ue[9],0,9.79169,500,500,30,140.908,190.49,79.3597,DL,1400,0.005,1,476.633,36.7287,17.1647,61649.5,3066.04,0.004,0.004,0,0,0,0
7.9,gnb,ue[0],0,11.7732,500,500,30,232.656,226.87,3.92105,DL,1400,0.005,1,383.083,41.1715,22.0053,58021.6,3019.8,0.004,0.01,0,0,0,0
7.9,gnb,ue[1],0,12.5197,500,500,30,885.046,550.418,67.5955,DL,1400,0.005,1,390.148,37.1753,13.1098,24296.7,3218.75,0.004,0.004,0,0,0,0
7.9,gnb,ue[2],0,8.40083,500,500,30,905.93,902.437,3.52198,DL,1400,0.005,1,572.22,21.9986,2.66713,31945,2981.65,0.01,0.004,0,0,0,0
7.9,gnb,ue[3],0,19.3234,500,500,30,238.846,621.976,29.0761,DL,1400,0.005,1,288.237,31.1243,28.1513,51798.6,3250,0.352,0.004,0,0,0,0
7.9,gnb,ue[4],0,10.2332,500,500,30,285.318,184.316,6.18892,DL,1400,0.005,1,382.507,32.7746,24.9608,17931.3,2850.47,0.138,0.004,0,0,0,0
7.9,gnb,ue[5],0,10.8769,500,500,30,474.401,467.459,66.6817,DL,1400,0.005,1,55.3149,65.7726,54.3249,108296,3112.24,0.004,0.004,0,0,0,0
7.9,gnb,ue[6],0,7.39846,500,500,30,180.476,473.745,77.9111,DL,1400,0.005,1,324.161,46.1232,24.1541,41333.2,2777.78,0.004,0.01,0,0,0,0
7.9,gnb,ue[7],0,4.6663,500,500,30,584.724,595.386,9.42881,DL,1400,0.005,1,129.227,55.9227,45.6555,122542,3144.33,0.004,0.004,0,0,0,0
7.9,gnb,ue[8],0,8.8585,500,500,30,534.168,618.057,6.3369,DL,1400,0.005,1,125.16,52.0914,45.1306,90051.2,3112.24,0.004,0.004,0,0,0,0
7.9,gnb,ue[9],0,7.51392,500,500,30,140.155,189.913,79.3597,DL,1400,0.005,1,477.576,36.7287,15.9032,61649.5,3066.04,0.004,0.004,0,0,0,0
8,gnb,ue[0],0,19.3889,500,500,30,233.709,226.499,3.92105,DL,1000,0.01,1,382.615,37.1776,21.363,58267.8,3019.8,0.004,0.01,0,0,0,0
8,gnb,ue[1],0,8.61675,500,500,30,884.171,550.943,67.5955,DL,1000,0.01,1,389.354,39.5531,11.3255,24994.6,3218.75,0.004,0.004,0,0,0,0
8,gnb,ue[2],0,10.2938,500,500,30,906.05,901.339,3.52198,DL,1000,0.01,1,571.534,21.9986,5.51649,31945,2981.65,0.01,0.004,0,0,0,0
8,gnb,ue[3],0,16.1324,500,500,30,240.45,622.387,29.0761,DL,1000,0.01,1,286.96,31.2367,26.7546,51798.6,3250,0.352,0.004,0,0,0,0
8,gnb,ue[4],0,11.4851,500,500,30,285.524,185.403,6.18892,DL,1000,0.01,1,381.495,33.3468,24.8977,17786.7,2850.47,0.021,0.004,0,0,0,0
8,gnb,ue[5],0,14.0005,500,500,30,475.488,466.426,66.6817,DL,1000,0.01,1,55.4396,64.2448,51.8836,108913,3112.24,0.004,0.004,0,0,0,0
8,gnb,ue[6],0,9.87912,500,500,30,180.806,474.492,77.9111,DL,1000,0.01,1,323.776,33.3274,23.6041,42246.7,2777.78,0.004,0.01,0,0,0,0
8,gnb,ue[7],0,3.9974,500,500,30,584.609,595.507,9.42881,DL,1000,0.01,1,129.242,50.2374,42.8065,123682,3144.33,0.004,0.004,0,0,0,0
8,gnb,ue[8],0,12.6899,500,500,30,533.538,618.884,6.3369,DL,1000,0.01,1,125.771,55.3321,46.5215,90741.4,3112.24,0.004,0.004,0,0,0,0
8,gnb,ue[9],0,13.2123,500,500,30,139.07,189.16,79.3597,DL,1000,0.01,1,478.883,36.7287,16.2868,61649.5,3066.04,0.004,0.004,0,0,0,0
8.1,gnb,ue[0],0,11.9622,500,500,30,235.213,225.884,3.92105,DL,1000,0.01,1,382.01,43.0706,21.7001,59154.5,3019.8,0.004,0.01,0,0,0,0
8.1,gnb,ue[1],0,16.8964,500,500,30,883.144,551.895,67.5955,DL,1000,0.01,1,388.466,39.5933,14.6064,26564,3218.75,0.004,0.004,0,0,0,0
8.1,gnb,ue[2],0,14.4899,500,500,30,906.29,900.711,3.52198,DL,1000,0.01,1,571.264,21.9986,1.40032,31945,2981.65,0.01,0.004,0,0,0,0
8.1,gnb,ue[3],0,11.1351,500,500,30,241.968,622.384,29.0761,DL,1000,0.01,1,285.586,31.2367,26.2978,51798.6,3250,0.352,0.004,0,0,0,0
8.1,gnb,ue[4],0,11.7931,500,500,30,285.77,186.501,6.18892,DL,1000,0.01,1,380.451,33.3468,29.7075,17786.7,2850.47,0.021,0.004,0,0,0,0
8.1,gnb,ue[5],0,16.6105,500,500,30,476.316,465.465,66.6817,DL,1000,0.01,1,55.6699,67.3513,51.1617,109946,3112.24,0.004,0.004,0,0,0,0
8.1,gnb,ue[6],0,11.8775,500,500,30,181.446,475.288,77.9111,DL,1000,0.01,1,323.083,31.2771,19.2055,42234,2777.78,0.025,0.01,0,0,0,0
8.1,gnb,ue[7],0,7.98763,500,500,30,584.592,596.247,9.42881,DL,1000,0.01,1,129.779,55.8116,43.063,124979,3144.33,0.004,0.004,0,0,0,0
8.1,gnb,ue[8],0,16.4892,500,500,30,532.656,619.891,6.3369,DL,1000,0.01,1,126.492,54.4331,44.6773,91284,3112.24,0.004,0.004,0,0,0,0
8.1,gnb,ue[9],0,13.7297,500,500,30,138.152,188.121,79.3597,DL,1000,0.01,1,480.248,36.7287,15.7378,61649.5,3066.04,0.004,0.004,0,0,0,0
8.2,gnb,ue[0],0,17.4699,500,500,30,236.239,225.3,3.92105,DL,1000,0.01,1,381.72,41.1152,22.1358,59422.1,3019.8,0.004,0.01,0,0,0,0
8.2,gnb,ue[1],0,14.3329,500,500,30,882.605,552.995,67.5955,DL,1000,0.01,1,388.083,37.0003,9.70074,27745.9,3218.75,0.004,0.004,0,0,0,0
8.2,gnb,ue[2],0,11.0596,500,500,30,906.208,899.565,3.52198,DL,1000,0.01,1,570.402,21.9986,7.06463,31945,2981.65,0.01,0.004,0,0,0,0
8.2,gnb,ue[3],0,15.4458,500,500,30,243.711,622.448,29.0761,DL,1000,0.01,1,284.039,31.2367,26.4397,51798.6,3250,0.352,0.004,0,0,0,0
8.2,gnb,ue[4],0,11.0243,500,500,30,286.088,187.966,6.18892,DL,1000,0.01,1,379.065,36.7771,28.8172,17998.5,2850.47,0.004,0.004,0,0,0,0
8.2,gnb,ue[5],0,11.0337,500,500,30,477.186,464.437,66.6817,DL,1000,0.01,1,55.953,69.4407,53.817,111405,3112.24,0.004,0.004,0,0,0,0
8.2,gnb,ue[6],0,3.93439,500,500,30,181.966,476.326,77.9111,DL,1000,0.01,1,322.493,31.2771,20.5306,42234,2777.78,0.025,0.01,0,0,0,0
8.2,gnb,ue[7],0,4.76078,500,500,30,584.688,596.801,9.42881,DL,1000,0.01,1,130.252,55.7939,45.5331,125577,3144.33,0.004,0.004,0,0,0,0
8.2,gnb,ue[8],0,10.4246,500,500,30,531.768,621.025,6.3369,DL,1000,0.01,1,127.343,54.6759,43.3073,92248.3,3112.24,0.004,0.004,0,0,0,0
8.2,gnb,ue[9],0,9.73402,500,500,30,136.945,187.321,79.3597,DL,1000,0.01,1,481.678,36.7287,12.5627,61649.5,3066.04,0.004,0.004,0,0,0,0
8.3,gnb,ue[0],0,18.6155,500,500,30,237.866,224.861,3.92105,DL,1000,0.01,1,380.914,35.2789,13.2411,60351.7,3019.8,0.004,0.01,0,0,0,0
8.3,gnb,ue[1],0,17.1977,500,500,30,881.975,553.746,67.5955,DL,1000,0.01,1,387.566,40.9156,10.2613,28470.7,3218.75,0.004,0.004,0,0,0,0
8.3,gnb,ue[2],0,9.3334,500,500,30,906.094,898.35,3.52198,DL,1000,0.01,1,569.47,21.9986,6.16415,31945,2981.65,0.01,0.004,0,0,0,0
8.3,gnb,ue[3],0,15.5537,500,500,30,245.072,622.984,29.0761,DL,1000,0.01,1,283.045,31.2367,25.7401,51798.6,3250,0.352,0.004,0,0,0,0
8.3,gnb,ue[4],0,15.4753,500,500,30,286.208,189.453,6.18892,DL,1000,0.01,1,377.774,36.8576,25.5683,18295.4,2850.47,0.004,0.004,0,0,0,0
8.3,gnb,ue[5],0,11.3822,500,500,30,477.733,463.59,66.6817,DL,1000,0.01,1,56.2764,67.797,54.1739,112552,3112.24,0.004,0.004,0,0,0,0
8.3,gnb,ue[6],0,4.64282,500,500,30,182.363,476.849,77.9111,DL,1000,0.01,1,322.063,35.7467,23.5613,40982.7,2777.78,0.004,0.01,0,0,0,0
8.3,gnb,ue[7],0,0.681816,500,500,30,584.668,597.484,9.42881,DL,1000,0.01,1,130.747,55.8744,44.9222,126491,3144.33,0.004,0.004,0,0,0,0
8.3,gnb,ue[8],0,15.0613,500,500,30,530.947,621.742,6.3369,DL,1000,0.01,1,127.823,54.2462,45.1119,93023.7,3112.24,0.004,0.004,0,0,0,0
8.3,gnb,ue[9],0,12.7186,500,500,30,135.343,186.731,79.3597,DL,1000,0.01,1,483.268,36.7287,18.4775,61649.5,3066.04,0.004,0.004,0,0,0,0
8.4,gnb,ue[0],0,17.3328,500,500,30,239.387,224.11,3.92105,DL,1000,0.01,1,380.414,37.5728,14.0528,60982.7,3019.8,0.004,0.01,0,0,0,0
8.4,gnb,ue[1],0,9.37955,500,500,30,881.169,554.524,67.5955,DL,1000,0.01,1,386.88,40.3891,12.3125,29347.7,3218.75,0.004,0.004,0,0,0,0
8.4,gnb,ue[2],0,10.7719,500,500,30,905.826,897.175,3.52198,DL,1000,0.01,1,568.457,21.9986,7.80335,31945,2981.65,0.01,0.004,0,0,0,0
8.4,gnb,ue[3],0,27.8975,500,500,30,246.803,624.007,29.0761,DL,1000,0.01,1,281.935,31.2367,23.9011,51798.6,3250,0.352,0.004,0,0,0,0
8.4,gnb,ue[4],0,16.3157,500,500,30,286.117,191.133,6.18892,DL,1000,0.01,1,376.446,35.8735,29.7522,18309.8,2850.47,0.012,0.004,0,0,0,0
8.4,gnb,ue[5],0,16.3979,500,500,30,478.72,462.234,66.6817,DL,1000,0.01,1,56.7862,73.2495,48.1855,113198,3112.24,0.004,0.004,0,0,0,0
8.4,gnb,ue[6],0,4.5596,500,500,30,182.686,477.291,77.9111,DL,1000,0.01,1,321.713,34.3128,20.2374,40563.8,2777.78,0.004,0.01,0,0,0,0
8.4,gnb,ue[7],0,6.56566,500,500,30,584.647,598.023,9.42881,DL,1000,0.01,1,131.137,55.6799,46.9518,128035,3144.33,0.004,0.004,0,0,0,0
8.4,gnb,ue[8],0,5.36182,500,500,30,530.414,622.963,6.3369,DL,1000,0.01,1,128.86,54.6579,43.9183,93917.8,3112.24,0.004,0.004,0,0,0,0
8.4,gnb,ue[9],0,11.8022,500,500,30,134.18,186.214,79.3597,DL,1000,0.01,1,484.481,36.7287,15.4326,61649.5,3066.04,0.004,0.004,0,0,0,0
8.5,gnb,ue[0],0,14.3318,500,500,30,241.187,223.644,3.92105,DL,1000,0.01,1,379.522,39.5328,8.53851,60972.7,3019.8,0.004,0.01,0,0,0,0
8.5,gnb,ue[1],0,15.2948,500,500,30,880.284,555.628,67.5955,DL,1000,0.01,1,386.165,39.6927,9.8025,29729.5,3218.75,0.01,0.004,0,0,0,0
8.5,gnb,ue[2],0,12.0967,500,500,30,905.796,896.499,3.52198,DL,1000,0.01,1,567.964,21.9986,8.44612,31945,2981.65,0.01,0.004,0,0,0,0
8.5,gnb,ue[3],0,24.2766,500,500,30,248.982,624.764,29.0761,DL,1000,0.01,1,280.316,31.2367,25.5259,51798.6,3250,0.352,0.004,0,0,0,0
8.5,gnb,ue[4],0,16.2649,500,500,30,286.194,192.553,6.18892,DL,1000,0.01,1,375.238,35.2689,25.0136,18721.8,2850.47,0.004,0.004,0,0,0,0
8.5,gnb,ue[5],0,15.4937,500,500,30,479.636,460.946,66.6817,DL,1000,0.01,1,57.319,67.4941,47.8989,114688,3112.24,0.004,0.004,0,0,0,0
8.5,gnb,ue[6],0,7.19349,500,500,30,183.102,477.773,77.9111,DL,1000,0.01,1,321.269,36.3366,22.6905,40436.1,2777.78,0.051,0.01,0,0,0,0
8.5,gnb,ue[7],0,4.85661,500,500,30,584.491,598.78,9.42881,DL,1000,0.01,1,131.603,57.3142,45.7977,129293,3144.33,0.004,0.004,0,0,0,0
8.5,gnb,ue[8],0,9.64666,500,500,30,529.894,623.48,6.3369,DL,1000,0.01,1,129.232,54.6285,41.588,94315.1,3112.24,0.004,0.004,0,0,0,0
8.5,gnb,ue[9],0,11.718,500,500,30,132.799,185.567,79.3597,DL,1000,0.01,1,485.944,36.7287,23.3157,61649.5,3066.04,0.004,0.004,0,0,0,0
8.6,gnb,ue[0],0,11.3608,500,500,30,242.545,223.596,3.92105,DL,1000,0.01,1,378.632,41.3564,9.78415,61703.4,3019.8,0.004,0.01,0,0,0,0
8.6,gnb,ue[1],0,22.4452,500,500,30,878.9,556.455,67.5955,DL,1000,0.01,1,384.923,39.2284,19.8839,30992.3,3218.75,0.004,0.004,0,0,0,0
8.6,gnb,ue[2],0,13.8021,500,500,30,905.825,895.343,3.52198,DL,1000,0.01,1,567.178,21.9986,5.88128,31945,2981.65,0.01,0.004,0,0,0,0
8.6,gnb,ue[3],0,15.628,500,500,30,251.131,625.073,29.0761,DL,1000,0.01,1,278.532,31.2367,25.9851,51798.6,3250,0.352,0.004,0,0,0,0
8.6,gnb,ue[4],0,9.09258,500,500,30,286.357,193.93,6.18892,DL,1000,0.01,1,374.018,36.9465,28.6302,18863.1,2850.47,0.01,0.004,0,0,0,0
8.6,gnb,ue[5],0,23.2271,500,500,30,480.73,459.382,66.6817,DL,1000,0.01,1,58.0235,67.3006,47.5843,116376,3112.24,0.004,0.004,0,0,0,0
8.6,gnb,ue[6],0,9.87123,500,500,30,183.766,478.504,77.9111,DL,1000,0.01,1,320.564,36.3366,18.457,40436.1,2777.78,0.051,0.01,0,0,0,0
8.6,gnb,ue[7],0,10.5748,500,500,30,584.589,599.792,9.42881,DL,1000,0.01,1,132.427,55.5257,42.1785,129884,3144.33,0.004,0.004,0,0,0,0
8.6,gnb,ue[8],0,20.688,500,500,30,529.27,624.967,6.3369,DL,1000,0.01,1,130.512,54.6699,44.8049,93956.4,3112.24,0.004,0.004,0,0,0,0
8.6,gnb,ue[9],0,14.0648,500,500,30,131.749,184.946,79.3597,DL,1000,0.01,1,487.139,36.7287,26.0117,61649.5,3066.04,0.004,0.004,0,0,0,0
8.7,gnb,ue[0],0,14.7654,500,500,30,243.415,222.778,3.92105,DL,1000,0.01,1,378.64,39.0377,9.65506,62473.4,3019.8,0.004,0.01,0,0,0,0
8.7,gnb,ue[1],0,12.859,500,500,30,877.751,557.779,67.5955,DL,1000,0.01,1,383.989,43.1486,18.5803,32147.4,3218.75,0.004,0.004,0,0,0,0
8.7,gnb,ue[2],0,13.1772,500,500,30,905.657,894.098,3.52198,DL,1000,0.01,1,566.191,21.9986,8.0808,31945,2981.65,0.01,0.004,0,0,0,0
8.7,gnb,ue[3],0,23.19,500,500,30,252.805,625.667,29.0761,DL,1000,0.01,1,277.305,30.5226,25.3655,43027,3250,0.63,0.004,0,0,0,0
8.7,gnb,ue[4],0,6.72022,500,500,30,286.604,194.995,6.18892,DL,1000,0.01,1,373.005,41.7924,28.2404,18813.3,2850.47,0.004,0.004,0,0,0,0
8.7,gnb,ue[5],0,25.5969,500,500,30,482.171,457.602,66.6817,DL,1000,0.01,1,58.8303,67.0225,47.8615,118839,3112.24,0.004,0.004,0,0,0,0
8.7,gnb,ue[6],0,9.63172,500,500,30,184.357,479.246,77.9111,DL,1000,0.01,1,319.933,33.2282,19.4805,39641.9,2777.78,0.004,0.01,0,0,0,0
8.7,gnb,ue[7],0,8.77937,500,500,30,584.54,600.609,9.42881,DL,1000,0.01,1,133.012,55.4415,37.7748,130491,3144.33,0.004,0.004,0,0,0,0
8.7,gnb,ue[8],0,4.36633,500,500,30,528.267,626.228,6.3369,DL,1000,0.01,1,131.501,57.1826,43.5267,93711.5,3112.24,0.004,0.004,0,0,0,0
8.7,gnb,ue[9],0,14.7036,500,500,30,130.48,184.392,79.3597,DL,1000,0.01,1,488.457,36.7287,24.4535,61649.5,3066.04,0.004,0.004,0,0,0,0
8.8,gnb,ue[0],0,13.2698,500,500,30,244.827,221.918,3.92105,DL,1000,0.01,1,378.316,40.1507,8.5977,62518.9,3019.8,0.004,0.01,0,0,0,0
8.8,gnb,ue[1],0,16.3465,500,500,30,877.08,558.789,67.5955,DL,1000,0.01,1,383.483,45.0892,17.0414,33170.6,3218.75,0.004,0.004,0,0,0,0
8.8,gnb,ue[2],0,11.459,500,500,30,905.5,893.15,3.52198,DL,1000,0.01,1,565.418,21.9986,6.4271,31945,2981.65,0.01,0.004,0,0,0,0
8.8,gnb,ue[3],0,20.1405,500,500,30,254.304,626.769,29.0761,DL,1000,0.01,1,276.474,30.5226,23.3032,43027,3250,0.63,0.004,0,0,0,0
8.8,gnb,ue[4],0,5.36776,500,500,30,286.661,195.588,6.18892,DL,1000,0.01,1,372.488,38.5595,27.5635,19075.5,2850.47,0.004,0.004,0,0,0,0
8.8,gnb,ue[5],0,15.1807,500,500,30,483.496,456.197,66.6817,DL,1000,0.01,1,59.4694,67.5532,46.083,120397,3112.24,0.004,0.004,0,0,0,0
8.8,gnb,ue[6],0,12.557,500,500,30,184.765,479.964,77.9111,DL,1000,0.01,1,319.484,37.0345,22.2666,39162.8,2777.78,0.076,0.01,0,0,0,0
8.8,gnb,ue[7],0,11.6419,500,500,30,584.855,601.739,9.42881,DL,1000,0.01,1,134.069,59.9955,43.5052,130956,3144.33,0.004,0.004,0,0,0,0
8.8,gnb,ue[8],0,13.4416,500,500,30,527.897,626.785,6.3369,DL,1000,0.01,1,131.957,55.6265,44.4183,94164.6,3112.24,0.004,0.004,0,0,0,0
8.8,gnb,ue[9],0,10.4605,500,500,30,129.448,183.509,79.3597,DL,1000,0.01,1,489.808,36.7287,26.4695,61649.5,3066.04,0.004,0.004,0,0,0,0
8.9,gnb,ue[0],0,10.7104,500,500,30,245.895,221.165,3.92105,DL,1000,0.01,1,378.151,35.6352,13.0324,62654.2,3019.8,0.004,0.01,0,0,0,0
8.9,gnb,ue[1],0,21.3196,500,500,30,875.991,560.155,67.5955,DL,1000,0.01,1,382.625,45.6906,21.6272,33967.6,3218.75,0.004,0.004,0,0,0,0
8.9,gnb,ue[2],0,4.96971,500,500,30,905.279,892.383,3.52198,DL,1000,0.01,1,564.727,21.9986,8.92516,31945,2981.65,0.01,0.004,0,0,0,0
8.9,gnb,ue[3],0,23.1694,500,500,30,256.224,627.222,29.0761,DL,1000,0.01,1,274.978,30.5226,27.2145,43027,3250,0.63,0.004,0,0,0,0
8.9,gnb,ue[4],0,4.61286,500,500,30,287.001,196.418,6.18892,DL,1000,0.01,1,371.615,37.0925,27.9078,19187.1,2850.47,0.004,0.004,0,0,0,0
8.9,gnb,ue[5],0,21.2743,500,500,30,483.947,454.477,66.6817,DL,1000,0.01,1,60.6267,69.4241,47.5325,121838,3112.24,0.004,0.004,0,0,0,0
8.9,gnb,ue[6],0,8.01479,500,500,30,185.482,480.827,77.9111,DL,1000,0.01,1,318.723,31.9221,20.8667,38908.9,2777.78,0.058,0.01,0,0,0,0
8.9,gnb,ue[7],0,9.21064,500,500,30,584.914,602.504,9.42881,DL,1000,0.01,1,134.687,59.9105,43.7967,131733,3144.33,0.004,0.004,0,0,0,0
8.9,gnb,ue[8],0,13.3051,500,500,30,527.137,627.786,6.3369,DL,1000,0.01,1,132.762,55.9159,40.4405,94896.4,3112.24,0.004,0.004,0,0,0,0
8.9,gnb,ue[9],0,18.7366,500,500,30,128.27,182.66,79.3597,DL,1000,0.01,1,491.248,36.7287,27.3477,61649.5,3066.04,0.004,0.004,0,0,0,0
9,gnb,ue[0],0,17.2847,500,500,30,247.258,220.395,3.92105,DL,1000,0.01,1,377.807,42.1712,16.2719,63200.8,3019.8,0.004,0.01,0,0,0,0
9,gnb,ue[1],0,16.1573,500,500,30,875.044,561.587,67.5955,DL,1000,0.01,1,381.921,42.4769,10.4506,35029.1,3218.75,0.004,0.004,0,0,0,0
9,gnb,ue[2],0,10.722,500,500,30,905.431,891.569,3.52198,DL,1000,0.01,1,564.271,21.9986,8.50927,31945,2981.65,0.01,0.004,0,0,0,0
9,gnb,ue[3],0,14.1702,500,500,30,257.952,627.574,29.0761,DL,1000,0.01,1,273.612,28.3113,21.1591,43027,3250,0.63,0.004,0,0,0,0
9,gnb,ue[4],0,11.7896,500,500,30,286.985,197.032,6.18892,DL,1000,0.01,1,371.122,39.2636,26.4349,19374.2,2850.47,0.004,0.004,0,0,0,0
9,gnb,ue[5],0,13.7762,500,500,30,484.553,452.889,66.6817,DL,1000,0.01,1,61.6732,66.9262,45.5827,123150,3112.24,0.004,0.004,0,0,0,0
9,gnb,ue[6],0,7.20617,500,500,30,185.994,481.428,77.9111,DL,1000,0.01,1,318.183,31.9221,21.8429,38908.9,2777.78,0.058,0.01,0,0,0,0
9,gnb,ue[7],0,10.522,500,500,30,584.759,603.508,9.42881,DL,1000,0.01,1,135.356,57.0415,43.0954,132895,3144.33,0.004,0.004,0,0,0,0
9,gnb,ue[8],0,13.237,500,500,30,526.369,628.927,6.3369,DL,1000,0.01,1,133.707,55.6712,40.6492,94903.5,3112.24,0.004,0.004,0,0,0,0
9,gnb,ue[9],0,14.6766,500,500,30,127.103,181.616,79.3597,DL,1000,0.01,1,492.806,36.7287,22.4534,61649.5,3066.04,0.004,0.004,0,0,0,0
9.1,gnb,ue[0],0,14.077,500,500,30,248.665,219.53,3.92105,DL,1000,0.01,1,377.508,39.63,8.91607,63184.1,3019.8,0.004,0.01,0,0,0,0
9.1,gnb,ue[1],0,17.8665,500,500,30,873.688,562.905,67.5955,DL,1000,0.01,1,380.806,43.6671,13.0926,36078.5,3218.75,0.004,0.004,0,0,0,0
9.1,gnb,ue[2],0,7.73619,500,500,30,905.817,890.695,3.52198,DL,1000,0.01,1,563.942,21.9986,6.61628,31945,2981.65,0.01,0.004,0,0,0,0
9.1,gnb,ue[3],0,10.3321,500,500,30,258.89,627.793,29.0761,DL,1000,0.01,1,272.885,28.3113,27.3916,43027,3250,0.63,0.004,0,0,0,0
9.1,gnb,ue[4],0,13.561,500,500,30,287.392,198.164,6.18892,DL,1000,0.01,1,369.965,36.669,26.4673,19533.1,2850.47,0.004,0.004,0,0,0,0
9.1,gnb,ue[5],0,19.0676,500,500,30,485.374,451.43,66.6817,DL,1000,0.01,1,62.5981,66.6767,48.3881,124638,3112.24,0.004,0.004,0,0,0,0
9.1,gnb,ue[6],0,3.68998,500,500,30,186.266,482.023,77.9111,DL,1000,0.01,1,317.88,31.4061,20.8432,38270,2777.78,0.004,0.01,0,0,0,0
9.1,gnb,ue[7],0,4.86989,500,500,30,584.659,604.118,9.42881,DL,1000,0.01,1,135.761,58.7709,42.6323,133390,3144.33,0.004,0.004,0,0,0,0
9.1,gnb,ue[8],0,17.4166,500,500,30,525.69,629.872,6.3369,DL,1000,0.01,1,134.487,59.5179,42.1256,95787.1,3112.24,0.004,0.004,0,0,0,0
9.1,gnb,ue[9],0,15.9217,500,500,30,125.76,181.463,79.3597,DL,1000,0.01,1,493.921,36.7287,23.2293,61649.5,3066.04,0.004,0.004,0,0,0,0
9.2,gnb,ue[0],0,15.9885,500,500,30,250.277,218.948,3.92105,DL,1000,0.01,1,376.871,40.214,12.9623,62995.9,3019.8,0.01,0.01,0,0,0,0
9.2,gnb,ue[1],0,14.6376,500,500,30,872.925,564.302,67.5955,DL,1000,0.01,1,380.291,41.9772,18.4978,36786.7,3218.75,0.004,0.004,0,0,0,0
9.2,gnb,ue[2],0,11.8485,500,500,30,906.194,889.543,3.52198,DL,1000,0.01,1,563.417,21.9986,6.28316,31945,2981.65,0.01,0.004,0,0,0,0
9.2,gnb,ue[3],0,12.252,500,500,30,260.321,628.091,29.0761,DL,1000,0.01,1,271.761,28.3113,28.5051,43027,3250,0.63,0.004,0,0,0,0
9.2,gnb,ue[4],0,10.1042,500,500,30,287.228,199.452,6.18892,DL,1000,0.01,1,369.009,37.8007,26.2268,19597.3,2850.47,0.004,0.004,0,0,0,0
9.2,gnb,ue[5],0,15.8658,500,500,30,486.208,450.086,66.6817,DL,1000,0.01,1,63.4598,73.1092,47.2846,126215,3112.24,0.004,0.004,0,0,0,0
9.2,gnb,ue[6],0,13.0892,500,500,30,186.677,483.115,77.9111,DL,1000,0.01,1,317.414,31.4061,23.4229,38270,2777.78,0.004,0.01,0,0,0,0
9.2,gnb,ue[7],0,12.9479,500,500,30,584.548,604.937,9.42881,DL,1000,0.01,1,136.321,58.7342,44.6821,134894,3144.33,0.004,0.004,0,0,0,0
9.2,gnb,ue[8],0,21.5691,500,500,30,525.009,631.529,6.3369,DL,1000,0.01,1,135.96,59.4936,45.8597,96133.3,3112.24,0.004,0.004,0,0,0,0
9.2,gnb,ue[9],0,12.4522,500,500,30,124.696,180.964,79.3597,DL,1000,0.01,1,495.049,36.7287,20.1251,61649.5,3066.04,0.004,0.004,0,0,0,0
9.3,gnb,ue[0],0,12.7326,500,500,30,251.349,218.336,3.92105,DL,1000,0.01,1,376.619,37.9085,13.8848,63301.8,3019.8,0.01,0.01,0,0,0,0
9.3,gnb,ue[1],0,16.3226,500,500,30,872.104,565.204,67.5955,DL,1000,0.01,1,379.64,44.2718,15.2692,37637.6,3218.75,0.004,0.004,0,0,0,0
9.3,gnb,ue[2],0,8.46271,500,500,30,906.041,888.715,3.52198,DL,1000,0.01,1,562.735,21.9986,8.16875,31945,2981.65,0.01,0.004,0,0,0,0
9.3,gnb,ue[3],0,15.643,500,500,30,261.415,628.781,29.0761,DL,1000,0.01,1,271.124,28.3113,24.2336,43027,3250,0.63,0.004,0,0,0,0
9.3,gnb,ue[4],0,8.94791,500,500,30,287.446,200.641,6.18892,DL,1000,0.01,1,367.916,39.9825,27.2043,19601.9,2850.47,0.016,0.004,0,0,0,0
9.3,gnb,ue[5],0,20.1392,500,500,30,487.233,448.7,66.6817,DL,1000,0.01,1,64.3447,66.2119,46.1087,127838,3112.24,0.004,0.004,0,0,0,0
9.3,gnb,ue[6],0,18.46,500,500,30,187.423,484.14,77.9111,DL,1000,0.01,1,316.625,31.4061,24.1599,38270,2777.78,0.004,0.01,0,0,0,0
9.3,gnb,ue[7],0,12.0332,500,500,30,583.982,606.174,9.42881,DL,1000,0.01,1,136.927,59.6265,41.235,136093,3144.33,0.004,0.004,0,0,0,0
9.3,gnb,ue[8],0,19.5599,500,500,30,523.847,632.366,6.3369,DL,1000,0.01,1,136.563,58.976,40.5732,96211.4,3112.24,0.004,0.004,0,0,0,0
9.3,gnb,ue[9],0,15.1558,500,500,30,123.632,180.581,79.3597,DL,1000,0.01,1,496.103,36.7287,22.9133,61649.5,3066.04,0.004,0.004,0,0,0,0
9.4,gnb,ue[0],0,16.4315,500,500,30,252.615,217.746,3.92105,DL,1000,0.01,1,376.227,44.5328,13.0209,63963.2,3019.8,0.004,0.01,0,0,0,0
9.4,gnb,ue[1],0,13.3427,500,500,30,870.95,566.115,67.5955,DL,1000,0.01,1,378.667,43.5,19.7707,39000,3218.75,0.004,0.004,0,0,0,0
9.4,gnb,ue[2],0,10.8392,500,500,30,906.309,887.659,3.52198,DL,1000,0.01,1,562.199,21.9986,10.3362,31945,2981.65,0.01,0.004,0,0,0,0
9.4,gnb,ue[3],0,21.563,500,500,30,262.781,630.033,29.0761,DL,1000,0.01,1,270.522,28.3113,28.2635,43027,3250,0.63,0.004,0,0,0,0
9.4,gnb,ue[4],0,6.28573,500,500,30,287.593,201.132,6.18892,DL,1000,0.01,1,367.432,40.8901,24.828,19806,2850.47,0.004,0.004,0,0,0,0
9.4,gnb,ue[5],0,10.6082,500,500,30,488.044,447.364,66.6817,DL,1000,0.01,1,65.2616,65.9606,43.3515,129361,3112.24,0.004,0.004,0,0,0,0
9.4,gnb,ue[6],0,13.9842,500,500,30,187.753,485.743,77.9111,DL,1000,0.01,1,316.223,31.4061,18.2843,38270,2777.78,0.004,0.01,0,0,0,0
9.4,gnb,ue[7],0,7.93085,500,500,30,583.904,607.476,9.42881,DL,1000,0.01,1,137.891,60.2179,42.1016,136745,3144.33,0.004,0.004,0,0,0,0
9.4,gnb,ue[8],0,6.48026,500,500,30,522.827,633.193,6.3369,DL,1000,0.01,1,137.191,58.9457,34.8349,96101.5,3112.24,0.004,0.004,0,0,0,0
9.4,gnb,ue[9],0,15.7617,500,500,30,122.284,180.378,79.3597,DL,1000,0.01,1,497.257,36.7287,25.4175,61649.5,3066.04,0.004,0.004,0,0,0,0
9.5,gnb,ue[0],0,14.2149,500,500,30,253.852,216.874,3.92105,DL,1000,0.01,1,376.071,45.9101,11.8059,64212.6,3019.8,0.004,0.01,0,0,0,0
9.5,gnb,ue[1],0,15.1885,500,500,30,870.241,567.329,67.5955,DL,1000,0.01,1,378.187,44.3408,19.1265,39871.8,3218.75,0.004,0.004,0,0,0,0
9.5,gnb,ue[2],0,7.31239,500,500,30,906.532,886.699,3.52198,DL,1000,0.01,1,561.699,21.9986,4.13743,31945,2981.65,0.01,0.004,0,0,0,0
9.5,gnb,ue[3],0,13.5318,500,500,30,264.429,630.682,29.0761,DL,1000,0.01,1,269.393,28.3113,24.0545,43027,3250,0.63,0.004,0,0,0,0
9.5,gnb,ue[4],0,7.28147,500,500,30,287.613,201.907,6.18892,DL,1000,0.01,1,366.79,41.5386,31.4106,19803.6,2850.47,0.004,0.004,0,0,0,0
9.5,gnb,ue[5],0,15.0147,500,500,30,488.781,446.424,66.6817,DL,1000,0.01,1,65.8924,62.0488,38.9162,130995,3112.24,0.004,0.004,0,0,0,0
9.5,gnb,ue[6],0,5.71893,500,500,30,187.928,486.62,77.9111,DL,1000,0.01,1,316.011,33.7344,22.238,36781.4,2777.78,0.004,0.01,0,0,0,0
9.5,gnb,ue[7],0,13.1812,500,500,30,584.085,608.447,9.42881,DL,1000,0.01,1,138.759,60.4276,45.2741,137344,3144.33,0.004,0.004,0,0,0,0
9.5,gnb,ue[8],0,14.5338,500,500,30,521.964,633.94,6.3369,DL,1000,0.01,1,137.777,58.5716,34.245,96088.7,3112.24,0.004,0.004,0,0,0,0
9.5,gnb,ue[9],0,16.9879,500,500,30,120.687,179.678,79.3597,DL,1000,0.01,1,498.919,36.7287,22.3269,61649.5,3066.04,0.004,0.004,0,0,0,0
9.6,gnb,ue[0],0,12.2892,500,500,30,255.026,216.563,3.92105,DL,1000,0.01,1,375.538,45.8948,13.1544,64503.9,3019.8,0.004,0.01,0,0,0,0
9.6,gnb,ue[1],0,12.873,500,500,30,869.479,568.803,67.5955,DL,1000,0.01,1,377.706,44.8814,17.9432,41100.8,3218.75,0.004,0.004,0,0,0,0
9.6,gnb,ue[2],0,18.1484,500,500,30,906.592,885.905,3.52198,DL,1000,0.01,1,561.196,21.9986,6.62595,31945,2981.65,0.01,0.004,0,0,0,0
9.6,gnb,ue[3],0,25.6087,500,500,30,265.913,631.371,29.0761,DL,1000,0.01,1,268.433,28.3113,31.3092,43027,3250,0.63,0.004,0,0,0,0
9.6,gnb,ue[4],0,12.4053,500,500,30,287.883,203.036,6.18892,DL,1000,0.01,1,365.715,37.7833,19.2145,19805.2,2850.47,0.004,0.004,0,0,0,0
9.6,gnb,ue[5],0,11.714,500,500,30,489.882,445.407,66.6817,DL,1000,0.01,1,66.5457,61.8806,44.5681,132907,3112.24,0.004,0.004,0,0,0,0
9.6,gnb,ue[6],0,5.86213,500,500,30,188.243,487.196,77.9111,DL,1000,0.01,1,315.677,36.5383,20.6625,36865,2777.78,0.004,0.01,0,0,0,0
9.6,gnb,ue[7],0,6.02616,500,500,30,584.077,609.375,9.42881,DL,1000,0.01,1,139.482,60.3816,43.0055,137249,3144.33,0.004,0.004,0,0,0,0
9.6,gnb,ue[8],0,13.7835,500,500,30,521.029,634.911,6.3369,DL,1000,0.01,1,138.575,62.1836,37.6128,96044.6,3112.24,0.004,0.004,0,0,0,0
9.6,gnb,ue[9],0,8.28249,500,500,30,119.611,179.241,79.3597,DL,1000,0.01,1,500.019,36.7287,25.5242,61649.5,3066.04,0.004,0.004,0,0,0,0
9.7,gnb,ue[0],0,16.4858,500,500,30,256.268,215.772,3.92105,DL,1000,0.01,1,375.328,40.124,15.4881,65008.1,3019.8,0.004,0.01,0,0,0,0
9.7,gnb,ue[1],0,12.3495,500,500,30,868.578,569.674,67.5955,DL,1000,0.01,1,376.985,46.8636,18.9692,41565.6,3218.75,0.004,0.004,0,0,0,0
9.7,gnb,ue[2],0,11.3612,500,500,30,907.026,884.597,3.52198,DL,1000,0.01,1,560.612,21.9986,11.5138,31945,2981.65,0.01,0.004,0,0,0,0
9.7,gnb,ue[3],0,12.5269,500,500,30,267.533,632.287,29.0761,DL,1000,0.01,1,267.473,38.5299,26.5726,38821.3,3250,0.004,0.004,0,0,0,0
9.7,gnb,ue[4],0,14.8679,500,500,30,288.244,204.302,6.18892,DL,1000,0.01,1,364.479,38.4844,21.3081,20340.1,2850.47,0.014,0.004,0,0,0,0
9.7,gnb,ue[5],0,12.4558,500,500,30,490.839,444.873,66.6817,DL,1000,0.01,1,66.8467,61.7976,45.4565,134497,3112.24,0.004,0.004,0,0,0,0
9.7,gnb,ue[6],0,6.93623,500,500,30,188.58,487.736,77.9111,DL,1000,0.01,1,315.322,36.5383,19.8674,36865,2777.78,0.004,0.01,0,0,0,0
9.7,gnb,ue[7],0,8.79249,500,500,30,584.224,610.251,9.42881,DL,1000,0.01,1,140.258,60.4733,41.7004,136995,3144.33,0.004,0.004,0,0,0,0
9.7,gnb,ue[8],0,11.8232,500,500,30,520.236,636.203,6.3369,DL,1000,0.01,1,139.716,58.757,35.7118,96409.9,3112.24,0.004,0.004,0,0,0,0
9.7,gnb,ue[9],0,10.3309,500,500,30,118.541,178.672,79.3597,DL,1000,0.01,1,501.198,36.7287,25.1496,61649.5,3066.04,0.004,0.004,0,0,0,0
9.8,gnb,ue[0],0,11.429,500,500,30,257.276,214.715,3.92105,DL,1000,0.01,1,375.476,44.9121,11.9514,65239.2,3019.8,0.004,0.01,0,0,0,0
9.8,gnb,ue[1],0,16.9933,500,500,30,867.697,570.76,67.5955,DL,1000,0.01,1,376.326,42.0491,22.2559,42731.1,3218.75,0.004,0.004,0,0,0,0
9.8,gnb,ue[2],0,14.8878,500,500,30,907.15,883.484,3.52198,DL,1000,0.01,1,559.94,21.9986,4.23159,31945,2981.65,0.01,0.004,0,0,0,0
9.8,gnb,ue[3],0,17.3398,500,500,30,268.953,633.277,29.0761,DL,1000,0.01,1,266.733,37.2213,26.6087,39151.8,3250,0.004,0.004,0,0,0,0
9.8,gnb,ue[4],0,10.4695,500,500,30,288.142,205.819,6.18892,DL,1000,0.01,1,363.308,39.2967,20.6661,20333.4,2850.47,0.004,0.004,0,0,0,0
9.8,gnb,ue[5],0,11.7283,500,500,30,491.784,443.242,66.6817,DL,1000,0.01,1,68.0776,61.5011,48.5299,136082,3112.24,0.004,0.004,0,0,0,0
9.8,gnb,ue[6],0,13.5624,500,500,30,189.29,488.238,77.9111,DL,1000,0.01,1,314.603,36.5383,26.1007,36865,2777.78,0.004,0.01,0,0,0,0
9.8,gnb,ue[7],0,8.25659,500,500,30,584.393,611.118,9.42881,DL,1000,0.01,1,141.041,58.0313,39.3647,137195,3144.33,0.004,0.004,0,0,0,0
9.8,gnb,ue[8],0,16.7976,500,500,30,519.638,637.01,6.3369,DL,1000,0.01,1,140.418,57.6787,36.6604,96333.2,3112.24,0.004,0.004,0,0,0,0
9.8,gnb,ue[9],0,13.7376,500,500,30,117.557,178.346,79.3597,DL,1000,0.01,1,502.156,36.7287,22.8561,61649.5,3066.04,0.004,0.004,0,0,0,0
9.9,gnb,ue[0],0,11.2332,500,500,30,258.533,213.829,3.92105,DL,1000,0.01,1,375.341,43.3188,22.2486,65915.9,3019.8,0.004,0.01,0,0,0,0
9.9,gnb,ue[1],0,16.8732,500,500,30,866.227,571.61,67.5955,DL,1000,0.01,1,375.052,46.2427,20.8331,43538.6,3218.75,0.004,0.004,0,0,0,0
9.9,gnb,ue[2],0,7.3685,500,500,30,907.392,882.105,3.52198,DL,1000,0.01,1,559.172,21.9986,8.23861,31945,2981.65,0.01,0.004,0,0,0,0
9.9,gnb,ue[3],0,15.5337,500,500,30,270.512,634.196,29.0761,DL,1000,0.01,1,265.846,37.3043,31.3135,39375.5,3250,0.01,0.004,0,0,0,0
9.9,gnb,ue[4],0,5.06285,500,500,30,288.026,206.965,6.18892,DL,1000,0.01,1,362.45,39.2967,22.9085,20333.4,2850.47,0.004,0.004,0,0,0,0
9.9,gnb,ue[5],0,20.5916,500,500,30,492.854,441.971,66.6817,DL,1000,0.01,1,69.0219,61.2792,45.8949,137391,3112.24,0.004,0.004,0,0,0,0
9.9,gnb,ue[6],0,11.0441,500,500,30,189.908,489.364,77.9111,DL,1000,0.01,1,313.951,34.7558,20.5978,36865,2777.78,0.004,0.01,0,0,0,0
9.9,gnb,ue[7],0,7.15096,500,500,30,584.362,611.834,9.42881,DL,1000,0.01,1,141.588,57.377,41.0219,137567,3144.33,0.004,0.004,0,0,0,0
9.9,gnb,ue[8],0,15.7873,500,500,30,519.217,638.13,6.3369,DL,1000,0.01,1,141.454,55.8926,37.9568,96307.6,3112.24,0.004,0.004,0,0,0,0
9.9,gnb,ue[9],0,15.7815,500,500,30,116.267,177.803,79.3597,DL,1000,0.01,1,503.486,36.7287,21.0621,61649.5,3066.04,0.004,0.004,0,0,0,0
10,gnb,ue[0],0,9.51324,500,500,30,259.827,213.297,3.92105,DL,1000,0.01,1,374.916,42.8349,23.1674,66175.8,3019.8,0.004,0.01,0,0,0,0
10,gnb,ue[1],0,20.6745,500,500,30,865.31,573.045,67.5955,DL,1000,0.01,1,374.433,44.5076,16.4563,43451.2,3218.75,0.004,0.004,0,0,0,0
10,gnb,ue[2],0,4.5132,500,500,30,907.472,881.69,3.52198,DL,1000,0.01,1,558.947,21.9986,8.18525,31945,2981.65,0.01,0.004,0,0,0,0
10,gnb,ue[3],0,21.533,500,500,30,271.941,634.99,29.0761,DL,1000,0.01,1,265.017,39.5172,28.4008,39223.2,3250,0.004,0.004,0,0,0,0
10,gnb,ue[4],0,16.4151,500,500,30,288.203,207.873,6.18892,DL,1000,0.01,1,361.612,36.1743,26.0549,20075.4,2850.47,0.004,0.004,0,0,0,0
10,gnb,ue[5],0,20.1905,500,500,30,493.884,440.153,66.6817,DL,1000,0.01,1,70.4601,60.9335,46.6296,138815,3112.24,0.004,0.004,0,0,0,0
10,gnb,ue[6],0,15.9325,500,500,30,190.531,490.204,77.9111,DL,1000,0.01,1,313.309,39.6207,22.207,35627.5,2777.78,0.004,0.01,0,0,0,0
10,gnb,ue[7],0,5.04221,500,500,30,584.253,612.518,9.42881,DL,1000,0.01,1,142.063,59.0015,41.8091,138110,3144.33,0.004,0.004,0,0,0,0
10,gnb,ue[8],0,13.0025,500,500,30,518.444,639.241,6.3369,DL,1000,0.01,1,142.437,57.1506,36.9375,96465.6,3112.24,0.004,0.004,0,0,0,0
10,gnb,ue[9],0,5.19061,500,500,30,115.278,176.872,79.3597,DL,1000,0.01,1,504.836,36.7287,23.1349,61649.5,3066.04,0.004,0.004,0,0,0,0
10.1,gnb,ue[0],0,17.1552,500,500,30,261.052,212.453,3.92105,DL,1000,0.01,1,374.779,43.2936,22.0461,66414.5,3019.8,0.004,0.01,0,0,0,0
10.1,gnb,ue[1],0,16.8616,500,500,30,864.12,574.316,67.5955,DL,1000,0.01,1,373.524,46.0491,21.0179,44330.9,3218.75,0.01,0.004,0,0,0,0
10.1,gnb,ue[2],0,8.04822,500,500,30,907.718,880.672,3.52198,DL,1000,0.01,1,558.431,21.9986,9.60979,31945,2981.65,0.01,0.004,0,0,0,0
10.1,gnb,ue[3],0,12.8852,500,500,30,273.336,635.635,29.0761,DL,1000,0.01,1,264.148,38.2573,26.2167,39167.7,3250,0.004,0.004,0,0,0,0
10.1,gnb,ue[4],0,14.7677,500,500,30,288.573,209.042,6.18892,DL,1000,0.01,1,360.451,33.722,24.2715,19924.9,2850.47,0.12,0.004,0,0,0,0
10.1,gnb,ue[5],0,19.359,500,500,30,494.587,438.608,66.6817,DL,1000,0.01,1,71.7206,60.6325,45.4115,139766,3112.24,0.004,0.004,0,0,0,0
10.1,gnb,ue[6],0,4.74217,500,500,30,190.842,491.101,77.9111,DL,1000,0.01,1,312.975,38.919,21.3838,35957,2777.78,0.021,0.01,0,0,0,0
10.1,gnb,ue[7],0,11.9835,500,500,30,584.313,613.505,9.42881,DL,1000,0.01,1,142.882,59.1164,42.1289,138579,3144.33,0.004,0.004,0,0,0,0
10.1,gnb,ue[8],0,16.8546,500,500,30,517.702,640.37,6.3369,DL,1000,0.01,1,143.447,58.2291,39.2519,96420,3112.24,0.004,0.004,0,0,0,0
10.1,gnb,ue[9],0,8.2995,500,500,30,114.343,176.364,79.3597,DL,1000,0.01,1,505.873,36.7287,24.1992,61649.5,3066.04,0.004,0.004,0,0,0,0
10.2,gnb,ue[0],0,12.8463,500,500,30,262.712,212.132,3.92105,DL,1000,0.01,1,373.97,43.6267,21.2262,66453.6,3019.8,0.004,0.01,0,0,0,0
10.2,gnb,ue[1],0,21.3955,500,500,30,862.817,575.735,67.5955,DL,1000,0.01,1,372.539,51.3345,26.3289,44646.7,3218.75,0.01,0.004,0,0,0,0
10.2,gnb,ue[2],0,10.5075,500,500,30,907.492,879.635,3.52198,DL,1000,0.01,1,557.56,21.9986,10.9288,31945,2981.65,0.01,0.004,0,0,0,0
10.2,gnb,ue[3],0,14.9531,500,500,30,274.849,636.408,29.0761,DL,1000,0.01,1,263.25,35.2725,27.8277,39462.6,3250,0.004,0.004,0,0,0,0
10.2,gnb,ue[4],0,17.0083,500,500,30,288.932,210.655,6.18892,DL,1000,0.01,1,358.939,33.722,20.2578,19924.9,2850.47,0.12,0.004,0,0,0,0
10.2,gnb,ue[5],0,15.6093,500,500,30,495.246,437.128,66.6817,DL,1000,0.01,1,72.9454,56.9582,45.3395,140259,3112.24,0.004,0.004,0,0,0,0
10.2,gnb,ue[6],0,9.62387,500,500,30,191.22,491.907,77.9111,DL,1000,0.01,1,312.58,33.6475,25.0408,36294.2,2777.78,0.004,0.01,0,0,0,0
10.2,gnb,ue[7],0,14.2572,500,500,30,584.178,614.469,9.42881,DL,1000,0.01,1,143.57,55.9643,39.8689,139053,3144.33,0.004,0.004,0,0,0,0
10.2,gnb,ue[8],0,8.03083,500,500,30,516.306,641.228,6.3369,DL,1000,0.01,1,144.122,57.7964,31.6243,96858.6,3112.24,0.004,0.004,0,0,0,0
10.2,gnb,ue[9],0,12.0983,500,500,30,113.421,175.807,79.3597,DL,1000,0.01,1,506.932,36.7287,22.0691,61649.5,3066.04,0.004,0.004,0,0,0,0
10.3,gnb,ue[0],0,17.2843,500,500,30,264.167,211.848,3.92105,DL,1000,0.01,1,373.268,41.4523,19.6472,66588,3019.8,0.004,0.01,0,0,0,0
10.3,gnb,ue[1],0,24.3199,500,500,30,861.123,576.571,67.5955,DL,1000,0.01,1,371.061,44.5473,27.065,44999.7,3218.75,0.004,0.004,0,0,0,0
10.3,gnb,ue[2],0,9.27095,500,500,30,907.16,878.676,3.52198,DL,1000,0.01,1,556.665,21.9986,9.01401,31945,2981.65,0.01,0.004,0,0,0,0
10.3,gnb,ue[3],0,23.4208,500,500,30,276.358,637.316,29.0761,DL,1000,0.01,1,262.435,39.7779,25.6714,39686.6,3250,0.004,0.004,0,0,0,0
10.3,gnb,ue[4],0,10.8175,500,500,30,289.129,212.092,6.18892,DL,1000,0.01,1,357.666,33.722,19.3304,19924.9,2850.47,0.12,0.004,0,0,0,0
10.3,gnb,ue[5],0,12.9007,500,500,30,496.057,436.082,66.6817,DL,1000,0.01,1,73.8012,52.9841,49.6855,141516,3112.24,0.004,0.004,0,0,0,0
10.3,gnb,ue[6],0,7.91243,500,500,30,191.648,492.845,77.9111,DL,1000,0.01,1,312.134,33.6195,22.0964,36554.5,2777.78,0.004,0.01,0,0,0,0
10.3,gnb,ue[7],0,8.09673,500,500,30,583.894,615.13,9.42881,DL,1000,0.01,1,143.931,55.312,40.8641,138774,3144.33,0.004,0.004,0,0,0,0
10.3,gnb,ue[8],0,19.9021,500,500,30,515.371,642.149,6.3369,DL,1000,0.01,1,144.923,52.6537,39.1117,97692.2,3112.24,0.004,0.004,0,0,0,0
10.3,gnb,ue[9],0,18.8634,500,500,30,112.372,175.155,79.3597,DL,1000,0.01,1,508.15,36.7287,25.2802,61649.5,3066.04,0.004,0.004,0,0,0,0
10.4,gnb,ue[0],0,13.9962,500,500,30,265.355,211.243,3.92105,DL,1000,0.01,1,372.986,45.903,21.2463,66829.5,3019.8,0.004,0.01,0,0,0,0
10.4,gnb,ue[1],0,16.7159,500,500,30,859.959,577.946,67.5955,DL,1000,0.01,1,370.215,48.1928,30.4569,45452.6,3218.75,0.004,0.004,0,0,0,0
10.4,gnb,ue[2],0,7.25893,500,500,30,906.756,877.453,3.52198,DL,1000,0.01,1,555.538,21.9986,6.63728,31945,2981.65,0.01,0.004,0,0,0,0
10.4,gnb,ue[3],0,12.4252,500,500,30,277.87,637.973,29.0761,DL,1000,0.01,1,261.494,38.1362,30.8796,39848.4,3250,0.004,0.004,0,0,0,0
10.4,gnb,ue[4],0,14.8371,500,500,30,289.444,212.952,6.18892,DL,1000,0.01,1,356.787,33.722,23.2713,19924.9,2850.47,0.12,0.004,0,0,0,0
10.4,gnb,ue[5],0,21.6053,500,500,30,496.589,434.606,66.6817,DL,1000,0.01,1,75.0567,54.4922,43.5681,142678,3112.24,0.004,0.004,0,0,0,0
10.4,gnb,ue[6],0,11.8601,500,500,30,192.236,493.478,77.9111,DL,1000,0.01,1,311.54,37.3949,17.0413,37352.7,2777.78,0.004,0.01,0,0,0,0
10.4,gnb,ue[7],0,12.1,500,500,30,584.052,615.839,9.42881,DL,1000,0.01,1,144.591,55.6936,40.1757,138597,3144.33,0.004,0.004,0,0,0,0
10.4,gnb,ue[8],0,13.2675,500,500,30,513.872,642.797,6.3369,DL,1000,0.01,1,145.407,52.4038,34.3283,97784.9,3112.24,0.004,0.004,0,0,0,0
10.4,gnb,ue[9],0,17.9951,500,500,30,111.066,174.576,79.3597,DL,1000,0.01,1,509.516,36.7287,21.7225,61649.5,3066.04,0.004,0.004,0,0,0,0
10.5,gnb,ue[0],0,13.1902,500,500,30,266.661,210.6,3.92105,DL,1000,0.01,1,372.665,35.3346,20.292,67573.7,3019.8,0.004,0.01,0,0,0,0
10.5,gnb,ue[1],0,18.5052,500,500,30,859.196,579.473,67.5955,DL,1000,0.01,1,369.799,46.418,26.5533,45621.5,3218.75,0.004,0.004,0,0,0,0
10.5,gnb,ue[2],0,10.442,500,500,30,906.601,876.51,3.52198,DL,1000,0.01,1,554.784,21.9986,9.08265,31945,2981.65,0.01,0.004,0,0,0,0
10.5,gnb,ue[3],0,10.7288,500,500,30,279.004,638.33,29.0761,DL,1000,0.01,1,260.72,34.2552,24.4138,39993.7,3250,0.004,0.004,0,0,0,0
10.5,gnb,ue[4],0,9.29845,500,500,30,289.488,214.135,6.18892,DL,1000,0.01,1,355.81,29.7676,26.6395,19344.5,2850.47,0.004,0.004,0,0,0,0
10.5,gnb,ue[5],0,15.3774,500,500,30,497.22,432.948,66.6817,DL,1000,0.01,1,76.4801,52.3219,42.3902,142990,3112.24,0.004,0.004,0,0,0,0
10.5,gnb,ue[6],0,12.2294,500,500,30,192.64,494.418,77.9111,DL,1000,0.01,1,311.122,37.8827,19.0186,37664.7,2777.78,0.01,0.01,0,0,0,0
10.5,gnb,ue[7],0,5.62091,500,500,30,584.077,616.646,9.42881,DL,1000,0.01,1,145.252,58.6246,38.4166,139073,3144.33,0.004,0.004,0,0,0,0
10.5,gnb,ue[8],0,7.79453,500,500,30,513.187,643.283,6.3369,DL,1000,0.01,1,145.822,55.5324,30.851,98234.3,3112.24,0.004,0.004,0,0,0,0
10.5,gnb,ue[9],0,15.294,500,500,30,109.896,174.147,79.3597,DL,1000,0.01,1,510.684,36.7287,23.9474,61649.5,3066.04,0.004,0.004,0,0,0,0
10.6,gnb,ue[0],0,14.1896,500,500,30,267.772,209.758,3.92105,DL,1000,0.01,1,372.626,34.5883,16.7919,66717.7,3019.8,0.049,0.01,0,0,0,0
10.6,gnb,ue[1],0,15.9159,500,500,30,858.442,580.672,67.5955,DL,1000,0.01,1,369.327,49.9686,29.1092,46089.9,3218.75,0.004,0.004,0,0,0,0
10.6,gnb,ue[2],0,1.97428,500,500,30,906.561,875.792,3.52198,DL,1000,0.01,1,554.267,21.9986,9.62985,31945,2981.65,0.01,0.004,0,0,0,0
10.6,gnb,ue[3],0,14.4817,500,500,30,280.361,638.815,29.0761,DL,1000,0.01,1,259.83,40.5139,29.5474,40350.7,3250,0.004,0.004,0,0,0,0
10.6,gnb,ue[4],0,18.5456,500,500,30,289.906,215.508,6.18892,DL,1000,0.01,1,354.461,33.5619,21.3908,19397.8,2850.47,0.063,0.004,0,0,0,0
10.6,gnb,ue[5],0,8.59352,500,500,30,498.1,432.212,66.6817,DL,1000,0.01,1,77.0997,56.6101,42.2545,143256,3112.24,0.004,0.004,0,0,0,0
10.6,gnb,ue[6],0,14.6193,500,500,30,193.16,495.212,77.9111,DL,1000,0.01,1,310.595,36.899,19.2927,38148.5,2777.78,0.004,0.01,0,0,0,0
10.6,gnb,ue[7],0,2.11632,500,500,30,583.914,617.021,9.42881,DL,1000,0.01,1,145.46,54.139,38.306,139935,3144.33,0.004,0.004,0,0,0,0
10.6,gnb,ue[8],0,14.3346,500,500,30,511.913,644.216,6.3369,DL,1000,0.01,1,146.629,52.1933,34.2751,98329.6,3112.24,0.004,0.004,0,0,0,0
10.6,gnb,ue[9],0,9.09245,500,500,30,108.882,173.329,79.3597,DL,1000,0.01,1,511.98,36.7287,21.0534,61649.5,3066.04,0.004,0.004,0,0,0,0
10.7,gnb,ue[0],0,14.9057,500,500,30,269.064,208.986,3.92105,DL,1000,0.01,1,372.425,34.5883,22.9351,66717.7,3019.8,0.049,0.01,0,0,0,0
10.7,gnb,ue[1],0,15.0444,500,500,30,857.547,581.815,67.5955,DL,1000,0.01,1,368.71,51.5292,30.7428,46861.6,3218.75,0.004,0.004,0,0,0,0
10.7,gnb,ue[2],0,10.9033,500,500,30,906.335,874.851,3.52198,DL,1000,0.01,1,553.464,21.9986,2.93678,31945,2981.65,0.01,0.004,0,0,0,0
10.7,gnb,ue[3],0,15.7172,500,500,30,282.19,639.454,29.0761,DL,1000,0.01,1,258.63,39.1614,21.5152,40601.5,3250,0.004,0.004,0,0,0,0
10.7,gnb,ue[4],0,9.99624,500,500,30,290.048,216.623,6.18892,DL,1000,0.01,1,353.481,33.5619,23.1821,19397.8,2850.47,0.063,0.004,0,0,0,0
10.7,gnb,ue[5],0,16.6573,500,500,30,498.979,430.843,66.6817,DL,1000,0.01,1,78.2899,57.2229,47.6552,144045,3112.24,0.004,0.004,0,0,0,0
10.7,gnb,ue[6],0,10.753,500,500,30,193.628,496.297,77.9111,DL,1000,0.01,1,310.118,36.8782,20.3048,38499,2777.78,0.004,0.01,0,0,0,0
10.7,gnb,ue[7],0,7.03245,500,500,30,583.853,617.619,9.42881,DL,1000,0.01,1,145.907,58.7926,42.793,140768,3144.33,0.004,0.004,0,0,0,0
10.7,gnb,ue[8],0,8.17717,500,500,30,510.915,645.146,6.3369,DL,1000,0.01,1,147.467,53.9266,35.1587,98602.8,3112.24,0.004,0.004,0,0,0,0
10.7,gnb,ue[9],0,12.5152,500,500,30,107.936,172.309,79.3597,DL,1000,0.01,1,513.353,36.7287,17.1708,61649.5,3066.04,0.004,0.004,0,0,0,0
10.8,gnb,ue[0],0,18.5629,500,500,30,270.126,208.071,3.92105,DL,1000,0.01,1,372.484,35.3639,19.0481,66011,3019.8,0.004,0.01,0,0,0,0
10.8,gnb,ue[1],0,15.014,500,500,30,856.694,583.236,67.5955,DL,1000,0.01,1,368.201,45.7558,31.7346,47640.5,3218.75,0.004,0.004,0,0,0,0
10.8,gnb,ue[2],0,15.5369,500,500,30,906.372,873.594,3.52198,DL,1000,0.01,1,552.64,21.9986,9.97196,31945,2981.65,0.01,0.004,0,0,0,0
10.8,gnb,ue[3],0,15.5171,500,500,30,283.45,639.827,29.0761,DL,1000,0.01,1,257.772,33.7637,22.3241,40816,3250,0.01,0.004,0,0,0,0
10.8,gnb,ue[4],0,8.33367,500,500,30,290.02,217.718,6.18892,DL,1000,0.01,1,352.621,36.6827,18.3853,19174.7,2850.47,0.004,0.004,0,0,0,0
10.8,gnb,ue[5],0,16.4053,500,500,30,499.773,429.532,66.6817,DL,1000,0.01,1,79.4437,55.7784,43.3796,144282,3112.24,0.004,0.004,0,0,0,0
10.8,gnb,ue[6],0,2.38758,500,500,30,193.721,496.879,77.9111,DL,1000,0.01,1,310.019,36.4097,20.8821,38937.6,2777.78,0.004,0.01,0,0,0,0
10.8,gnb,ue[7],0,12.6093,500,500,30,583.844,618.547,9.42881,DL,1000,0.01,1,146.65,57.569,42.153,141089,3144.33,0.004,0.004,0,0,0,0
10.8,gnb,ue[8],0,9.70045,500,500,30,510.523,646.03,6.3369,DL,1000,0.01,1,148.309,53.2683,34.8669,99041,3112.24,0.004,0.004,0,0,0,0
10.8,gnb,ue[9],0,16.5453,500,500,30,106.762,171.401,79.3597,DL,1000,0.01,1,514.83,36.7287,20.4411,61649.5,3066.04,0.004,0.004,0,0,0,0
10.9,gnb,ue[0],0,16.0323,500,500,30,271.633,207.447,3.92105,DL,1000,0.01,1,372.047,35.7754,20.3234,65388.2,3019.8,0.004,0.01,0,0,0,0
10.9,gnb,ue[1],0,13.9144,500,500,30,855.548,584.361,67.5955,DL,1000,0.01,1,367.348,47.7559,28.6019,48099.1,3218.75,0.004,0.004,0,0,0,0
10.9,gnb,ue[2],0,10.7927,500,500,30,906.392,872.528,3.52198,DL,1000,0.01,1,551.935,36.1716,10.642,11802,2981.65,0.004,0.004,0,0,0,0
10.9,gnb,ue[3],0,20.2236,500,500,30,285.336,640.142,29.0761,DL,1000,0.01,1,256.362,47.2824,19.7151,41582.5,3250,0.012,0.004,0,0,0,0
10.9,gnb,ue[4],0,13.7593,500,500,30,289.727,218.858,6.18892,DL,1000,0.01,1,351.884,36.6827,23.6861,19174.7,2850.47,0.004,0.004,0,0,0,0
10.9,gnb,ue[5],0,21.0399,500,500,30,500.285,427.846,66.6817,DL,1000,0.01,1,80.9432,60.2202,46.23,144594,3112.24,0.004,0.004,0,0,0,0
10.9,gnb,ue[6],0,4.45025,500,500,30,194.023,497.391,77.9111,DL,1000,0.01,1,309.717,36.0627,20.4709,39496,2777.78,0.004,0.01,0,0,0,0
10.9,gnb,ue[7],0,4.26061,500,500,30,583.504,619.399,9.42881,DL,1000,0.01,1,147.146,57.0015,40.0366,141154,3144.33,0.004,0.004,0,0,0,0
10.9,gnb,ue[8],0,16.5239,500,500,30,509.803,647.098,6.3369,DL,1000,0.01,1,149.312,50.575,37.6013,99553.3,3112.24,0.004,0.004,0,0,0,0
10.9,gnb,ue[9],0,14.8661,500,500,30,105.698,170.426,79.3597,DL,1000,0.01,1,516.265,36.7287,19.3835,61649.5,3066.04,0.004,0.004,0,0,0,0
11,gnb,ue[0],0,15.3519,500,500,30,272.634,206.647,3.92105,DL,1000,0.01,1,372.064,38.0079,21.7278,65075.6,3019.8,0.004,0.01,0,0,0,0
11,gnb,ue[1],0,13.6297,500,500,30,854.541,585.114,67.5955,DL,1000,0.01,1,366.548,48.9163,29.7535,48861.7,3218.75,0.004,0.004,0,0,0,0
11,gnb,ue[2],0,10.5326,500,500,30,906.072,871.771,3.52198,DL,1000,0.01,1,551.189,32.732,11.3743,11936.5,2981.65,0.013,0.004,0,0,0,0
11,gnb,ue[3],0,25.0749,500,500,30,287.152,640.289,29.0761,DL,1000,0.01,1,254.924,43.1533,23.2015,42078.8,3250,0.004,0.004,0,0,0,0
11,gnb,ue[4],0,14.8019,500,500,30,289.947,220.039,6.18892,DL,1000,0.01,1,350.809,33.0869,22.937,18821.9,2850.47,0.016,0.004,0,0,0,0
11,gnb,ue[5],0,17.8586,500,500,30,501.67,426.617,66.6817,DL,1000,0.01,1,82.0573,59.1089,45.7525,144140,3112.24,0.004,0.004,0,0,0,0
11,gnb,ue[6],0,13.0279,500,500,30,194.471,498.373,77.9111,DL,1000,0.01,1,309.267,36.1968,22.5097,40600.3,2777.78,0.004,0.01,0,0,0,0
11,gnb,ue[7],0,2.99479,500,500,30,583.303,620.051,9.42881,DL,1000,0.01,1,147.563,58.6021,40.1571,141360,3144.33,0.004,0.004,0,0,0,0
11,gnb,ue[8],0,12.4076,500,500,30,509.061,648.545,6.3369,DL,1000,0.01,1,150.691,55.9635,33.7984,99846.5,3112.24,0.004,0.004,0,0,0,0
11,gnb,ue[9],0,17.6179,500,500,30,104.676,169.68,79.3597,DL,1000,0.01,1,517.522,36.7287,22.1857,61649.5,3066.04,0.004,0.004,0,0,0,0
11.1,gnb,ue[0],0,21.8224,500,500,30,273.906,205.658,3.92105,DL,1000,0.01,1,372.07,33.5131,21.5629,64817.9,3019.8,0.004,0.01,0,0,0,0
11.1,gnb,ue[1],0,9.40914,500,500,30,853.679,585.968,67.5955,DL,1000,0.01,1,365.914,49.9788,28.6321,49393,3218.75,0.004,0.004,0,0,0,0
11.1,gnb,ue[2],0,8.03877,500,500,30,905.956,870.795,3.52198,DL,1000,0.01,1,550.446,35.7462,10.3271,11853.3,2981.65,0.083,0.004,0,0,0,0
11.1,gnb,ue[3],0,17.0665,500,500,30,288.705,641.129,29.0761,DL,1000,0.01,1,254.094,45.6411,20.8679,42909.1,3250,0.004,0.004,0,0,0,0
11.1,gnb,ue[4],0,8.64752,500,500,30,289.673,221.064,6.18892,DL,1000,0.01,1,350.157,34.8945,23.7891,18947.2,2850.47,0.004,0.004,0,0,0,0
11.1,gnb,ue[5],0,21.8103,500,500,30,502.538,424.724,66.6817,DL,1000,0.01,1,83.7761,57.7652,53.0367,143844,3112.24,0.004,0.004,0,0,0,0
11.1,gnb,ue[6],0,11.4762,500,500,30,195.216,499.442,77.9111,DL,1000,0.01,1,308.527,45.6043,21.028,40917.9,2777.78,0.004,0.01,0,0,0,0
11.1,gnb,ue[7],0,9.64839,500,500,30,583.055,620.679,9.42881,DL,1000,0.01,1,147.934,58.5592,43.9662,141967,3144.33,0.004,0.004,0,0,0,0
11.1,gnb,ue[8],0,19.0673,500,500,30,508.355,649.696,6.3369,DL,1000,0.01,1,151.785,36.5098,27.099,100126,3112.24,0.004,0.004,0,0,0,0
11.1,gnb,ue[9],0,7.57276,500,500,30,103.484,168.946,79.3597,DL,1000,0.01,1,518.901,36.7287,24.4361,61649.5,3066.04,0.004,0.004,0,0,0,0
11.2,gnb,ue[0],0,11.8539,500,500,30,275.199,204.936,3.92105,DL,1000,0.01,1,371.858,33.5131,20.1022,64817.9,3019.8,0.004,0.01,0,0,0,0
11.2,gnb,ue[1],0,17.4884,500,500,30,852.632,587.07,67.5955,DL,1000,0.01,1,365.163,48.4588,26.8047,50307,3218.75,0.004,0.004,0,0,0,0
11.2,gnb,ue[2],0,3.96901,500,500,30,905.936,869.552,3.52198,DL,1000,0.01,1,549.594,39.2443,10.8399,11816.6,2981.65,0.045,0.004,0,0,0,0
11.2,gnb,ue[3],0,15.2653,500,500,30,290.163,641.826,29.0761,DL,1000,0.01,1,253.273,44.4324,24.1709,43404,3250,0.004,0.004,0,0,0,0
11.2,gnb,ue[4],0,17.3823,500,500,30,289.661,222.169,6.18892,DL,1000,0.01,1,349.284,36.9192,22.6175,19030,2850.47,0.004,0.004,0,0,0,0
11.2,gnb,ue[5],0,11.2258,500,500,30,503.493,422.998,66.6817,DL,1000,0.01,1,85.3646,59.9189,51.4615,143471,3112.24,0.004,0.004,0,0,0,0
11.2,gnb,ue[6],0,7.13696,500,500,30,195.681,500.211,77.9111,DL,1000,0.01,1,308.067,46.2399,20.7495,42014.9,2777.78,0.004,0.01,0,0,0,0
11.2,gnb,ue[7],0,14.7351,500,500,30,582.813,621.483,9.42881,DL,1000,0.01,1,148.456,58.5078,39.6404,142499,3144.33,0.004,0.004,0,0,0,0
11.2,gnb,ue[8],0,14.2404,500,500,30,507.014,650.568,6.3369,DL,1000,0.01,1,152.577,39.7146,32.1551,99866.9,3112.24,0.004,0.004,0,0,0,0
11.2,gnb,ue[9],0,3.70745,500,500,30,102.877,168.723,79.3597,DL,1000,0.01,1,519.507,36.7287,18.3035,61649.5,3066.04,0.004,0.004,0,0,0,0
11.3,gnb,ue[0],0,12.4617,500,500,30,276.545,204.529,3.92105,DL,1000,0.01,1,371.369,32.6975,24.3728,63584.8,3019.8,0.034,0.01,0,0,0,0
11.3,gnb,ue[1],0,15.5651,500,500,30,851.583,588.038,67.5955,DL,1000,0.01,1,364.382,48.4304,29.9237,50585.2,3218.75,0.004,0.004,0,0,0,0
11.3,gnb,ue[2],0,14.2555,500,500,30,906.055,868.961,3.52198,DL,1000,0.01,1,549.285,39.4383,11.8524,11784.8,2981.65,0.004,0.004,0,0,0,0
11.3,gnb,ue[3],0,13.0851,500,500,30,291.721,642.71,29.0761,DL,1000,0.01,1,252.482,47.0055,22.7464,44041.6,3250,0.004,0.004,0,0,0,0
11.3,gnb,ue[4],0,9.0693,500,500,30,289.762,223.221,6.18892,DL,1000,0.01,1,348.387,30.2888,24.8403,18938.1,2850.47,0.041,0.004,0,0,0,0
11.3,gnb,ue[5],0,16.8674,500,500,30,504.252,421.623,66.6817,DL,1000,0.01,1,86.6401,54.2724,52.259,143103,3112.24,0.004,0.004,0,0,0,0
11.3,gnb,ue[6],0,10.9205,500,500,30,196.388,501.102,77.9111,DL,1000,0.01,1,307.371,43.9021,17.6336,43153.5,2777.78,0.004,0.01,0,0,0,0
11.3,gnb,ue[7],0,12.3119,500,500,30,582.237,622.571,9.42881,DL,1000,0.01,1,149.03,56.4413,38.7528,142970,3144.33,0.004,0.004,0,0,0,0
11.3,gnb,ue[8],0,15.4402,500,500,30,506.16,651.291,6.3369,DL,1000,0.01,1,153.254,39.6438,30.4101,100277,3112.24,0.004,0.004,0,0,0,0
11.3,gnb,ue[9],0,8.42465,500,500,30,102.439,168.277,79.3597,DL,1000,0.01,1,520.126,36.7287,14.9274,61649.5,3066.04,0.004,0.004,0,0,0,0
11.4,gnb,ue[0],0,13.5557,500,500,30,277.514,203.996,3.92105,DL,1000,0.01,1,371.212,38.4814,16.5597,63247.1,3019.8,0.004,0.01,0,0,0,0
11.4,gnb,ue[1],0,16.4289,500,500,30,850.842,589.175,67.5955,DL,1000,0.01,1,363.944,51.3202,28.3669,51180.6,3218.75,0.004,0.004,0,0,0,0
11.4,gnb,ue[2],0,7.2924,500,500,30,906.1,867.832,3.52198,DL,1000,0.01,1,548.561,37.3968,10.4438,12027.1,2981.65,0.004,0.004,0,0,0,0
11.4,gnb,ue[3],0,19.2801,500,500,30,293.192,642.866,29.0761,DL,1000,0.01,1,251.359,46.5113,25.5892,44868.7,3250,0.004,0.004,0,0,0,0
11.4,gnb,ue[4],0,15.0686,500,500,30,289.966,224.601,6.18892,DL,1000,0.01,1,347.168,30.2888,23.2469,18938.1,2850.47,0.041,0.004,0,0,0,0
11.4,gnb,ue[5],0,19.4293,500,500,30,505.368,420.617,66.6817,DL,1000,0.01,1,87.6128,54.6304,50.2537,142767,3112.24,0.004,0.004,0,0,0,0
11.4,gnb,ue[6],0,9.40576,500,500,30,197.396,502.205,77.9111,DL,1000,0.01,1,306.381,43.9549,23.1175,44433.7,2777.78,0.004,0.01,0,0,0,0
11.4,gnb,ue[7],0,3.07972,500,500,30,582.203,623.141,9.42881,DL,1000,0.01,1,149.479,53.9009,38.6667,142751,3144.33,0.004,0.004,0,0,0,0
11.4,gnb,ue[8],0,18.1418,500,500,30,505.05,652.401,6.3369,DL,1000,0.01,1,154.309,39.5367,30.7542,100008,3112.24,0.004,0.004,0,0,0,0
11.4,gnb,ue[9],0,18.0855,500,500,30,101.222,167.755,79.3597,DL,1000,0.01,1,521.39,36.7287,17.8981,61649.5,3066.04,0.004,0.004,0,0,0,0
11.5,gnb,ue[0],0,17.7133,500,500,30,278.931,203.418,3.92105,DL,1000,0.01,1,370.827,38.4814,22.7038,63247.1,3019.8,0.004,0.01,0,0,0,0
11.5,gnb,ue[1],0,19.4888,500,500,30,849.609,590.701,67.5955,DL,1000,0.01,1,363.134,47.5284,30.8257,51779.7,3218.75,0.004,0.004,0,0,0,0
11.5,gnb,ue[2],0,2.02379,500,500,30,906.03,867.255,3.52198,DL,1000,0.01,1,548.122,36.0575,12.1242,12502.9,2981.65,0.004,0.004,0,0,0,0
11.5,gnb,ue[3],0,11.4586,500,500,30,294.543,643.776,29.0761,DL,1000,0.01,1,250.769,48.2332,21.7453,46158.6,3250,0.004,0.004,0,0,0,0
11.5,gnb,ue[4],0,11.7136,500,500,30,290.596,225.903,6.18892,DL,1000,0.01,1,345.754,31.7286,25.1104,18938.1,2850.47,0.041,0.004,0,0,0,0
11.5,gnb,ue[5],0,16.7401,500,500,30,506.651,418.964,66.6817,DL,1000,0.01,1,89.1996,57.0863,49.8745,142429,3112.24,0.004,0.004,0,0,0,0
11.5,gnb,ue[6],0,12.7165,500,500,30,197.971,502.647,77.9111,DL,1000,0.01,1,305.817,43.985,25.2116,45938.8,2777.78,0.004,0.01,0,0,0,0
11.5,gnb,ue[7],0,4.93669,500,500,30,582.196,623.427,9.42881,DL,1000,0.01,1,149.712,57.2901,39.4573,142414,3144.33,0.004,0.004,0,0,0,0
11.5,gnb,ue[8],0,5.89901,500,500,30,504.549,653.283,6.3369,DL,1000,0.01,1,155.165,40.2638,30.0891,99923.7,3112.24,0.018,0.004,0,0,0,0
11.5,gnb,ue[9],0,18.8604,500,500,30,99.7843,167.51,79.3597,DL,1000,0.01,1,522.646,36.7287,21.3627,61649.5,3066.04,0.004,0.004,0,0,0,0
11.6,gnb,ue[0],0,12.4028,500,500,30,280.524,202.797,3.92105,DL,1000,0.01,1,370.377,35.7054,9.35541,62294.1,3019.8,0.01,0.01,0,0,0,0
11.6,gnb,ue[1],0,22.8886,500,500,30,848.737,592.305,67.5955,DL,1000,0.01,1,362.7,39.2565,39.2665,52344.3,3218.75,0.004,0.004,0,0,0,0
11.6,gnb,ue[2],0,7.11822,500,500,30,906.261,866.482,3.52198,DL,1000,0.01,1,547.775,36.6132,10.9843,12700.8,2981.65,0.004,0.004,0,0,0,0
11.6,gnb,ue[3],0,8.72242,500,500,30,295.519,644.548,29.0761,DL,1000,0.01,1,250.415,43.3817,21.8758,46791.4,3250,0.004,0.004,0,0,0,0
11.6,gnb,ue[4],0,13.6994,500,500,30,290.954,226.796,6.18892,DL,1000,0.01,1,344.83,36.7559,22.4554,18600.3,2850.47,0.083,0.004,0,0,0,0
11.6,gnb,ue[5],0,12.517,500,500,30,507.788,417.788,66.6817,DL,1000,0.01,1,90.3606,59.3787,51.7754,142082,3112.24,0.004,0.004,0,0,0,0
11.6,gnb,ue[6],0,4.51401,500,500,30,198.278,503.265,77.9111,DL,1000,0.01,1,305.52,44.006,24.4704,47976.2,2777.78,0.004,0.01,0,0,0,0
11.6,gnb,ue[7],0,6.53109,500,500,30,582.022,623.973,9.42881,DL,1000,0.01,1,150.067,63.3197,39.9076,142041,3144.33,0.004,0.004,0,0,0,0
11.6,gnb,ue[8],0,6.46559,500,500,30,504.042,654.192,6.3369,DL,1000,0.01,1,156.049,40.1464,31.4882,99066,3112.24,0.004,0.004,0,0,0,0
11.6,gnb,ue[9],0,13.8854,500,500,30,97.9603,166.87,79.3597,DL,1000,0.01,1,524.45,36.7287,23.6577,61649.5,3066.04,0.004,0.004,0,0,0,0
11.7,gnb,ue[0],0,9.64981,500,500,30,281.527,202.387,3.92105,DL,1000,0.01,1,370.114,37.8838,8.45329,61925.6,3019.8,0.061,0.01,0,0,0,0
11.7,gnb,ue[1],0,16.2261,500,500,30,847.687,593.875,67.5955,DL,1000,0.01,1,362.095,46.4014,40.5494,53099.4,3218.75,0.004,0.004,0,0,0,0
11.7,gnb,ue[2],0,10.2347,500,500,30,906.345,865.54,3.52198,DL,1000,0.01,1,547.208,37.5606,12.3967,12688.8,2981.65,0.004,0.004,0,0,0,0
11.7,gnb,ue[3],0,17.616,500,500,30,296.672,645.23,29.0761,DL,1000,0.01,1,249.87,43.6264,23.523,47878.7,3250,0.004,0.004,0,0,0,0
11.7,gnb,ue[4],0,12.0944,500,500,30,291.864,227.956,6.18892,DL,1000,0.01,1,343.359,32.7895,22.3372,18600.3,2850.47,0.083,0.004,0,0,0,0
11.7,gnb,ue[5],0,25.0604,500,500,30,509.154,416.368,66.6817,DL,1000,0.01,1,91.78,51.853,50.0298,141766,3112.24,0.004,0.004,0,0,0,0
11.7,gnb,ue[6],0,7.34552,500,500,30,198.707,503.74,77.9111,DL,1000,0.01,1,305.102,44.0278,19.4367,48983.2,2777.78,0.004,0.01,0,0,0,0
11.7,gnb,ue[7],0,4.95832,500,500,30,581.742,624.794,9.42881,DL,1000,0.01,1,150.593,52.7753,41.2405,141702,3144.33,0.004,0.004,0,0,0,0
11.7,gnb,ue[8],0,15.7276,500,500,30,503.55,654.984,6.3369,DL,1000,0.01,1,156.82,39.036,25.9591,98794.5,3112.24,0.004,0.004,0,0,0,0
11.7,gnb,ue[9],0,8.5533,500,500,30,97.2056,166.147,79.3597,DL,1000,0.01,1,525.488,36.7287,22.7155,61649.5,3066.04,0.004,0.004,0,0,0,0
11.8,gnb,ue[0],0,5.87559,500,500,30,282.389,201.988,3.92105,DL,1000,0.01,1,369.927,34.3084,7.16902,61607.1,3019.8,0.004,0.01,0,0,0,0
11.8,gnb,ue[1],0,17.3176,500,500,30,846.353,595.119,67.5955,DL,1000,0.01,1,361.139,47.3412,35.1169,53960,3218.75,0.004,0.004,0,0,0,0
11.8,gnb,ue[2],0,11.4117,500,500,30,906.132,864.417,3.52198,DL,1000,0.01,1,546.3,36.6442,10.7569,12709.4,2981.65,0.059,0.004,0,0,0,0
11.8,gnb,ue[3],0,13.6256,500,500,30,298.016,646.119,29.0761,DL,1000,0.01,1,249.297,45.0913,17.2944,48489,3250,0.004,0.004,0,0,0,0
11.8,gnb,ue[4],0,13.6035,500,500,30,292.442,229.101,6.18892,DL,1000,0.01,1,342.101,35.6775,20.4968,18384.9,2850.47,0.004,0.004,0,0,0,0
11.8,gnb,ue[5],0,10.9056,500,500,30,510.035,415.177,66.6817,DL,1000,0.01,1,92.958,52.6196,53.5688,141464,3112.24,0.004,0.004,0,0,0,0
11.8,gnb,ue[6],0,12.1186,500,500,30,199.452,504.707,77.9111,DL,1000,0.01,1,304.379,44.877,22.9184,50470.8,2777.78,0.004,0.01,0,0,0,0
11.8,gnb,ue[7],0,6.9738,500,500,30,581.645,625.711,9.42881,DL,1000,0.01,1,151.302,55.196,41.704,141391,3144.33,0.004,0.004,0,0,0,0
11.8,gnb,ue[8],0,16.8008,500,500,30,502.489,656.116,6.3369,DL,1000,0.01,1,157.919,40.182,28.6197,98312.3,3112.24,0.004,0.004,0,0,0,0
11.8,gnb,ue[9],0,12.9018,500,500,30,96.3986,166.19,79.3597,DL,1000,0.01,1,526.079,36.7287,23.4265,61649.5,3066.04,0.004,0.004,0,0,0,0
11.9,gnb,ue[0],0,8.1819,500,500,30,283.862,201.9,3.92105,DL,1000,0.01,1,369.133,33.9581,3.94347,61245.5,3019.8,0.004,0.01,0,0,0,0
11.9,gnb,ue[1],0,14.6315,500,500,30,845.061,595.879,67.5955,DL,1000,0.01,1,360.102,48.4259,42.3769,54594.2,3218.75,0.004,0.004,0,0,0,0
11.9,gnb,ue[2],0,13.9688,500,500,30,906.152,863.567,3.52198,DL,1000,0.01,1,545.748,36.6797,11.9636,13028.5,2981.65,0.004,0.004,0,0,0,0
11.9,gnb,ue[3],0,15.2814,500,500,30,299.085,646.809,29.0761,DL,1000,0.01,1,248.838,42.2227,20.9398,49475.2,3250,0.004,0.004,0,0,0,0
11.9,gnb,ue[4],0,17.2035,500,500,30,292.824,230.342,6.18892,DL,1000,0.01,1,340.887,32.3333,25.6022,18352.2,2850.47,0.041,0.004,0,0,0,0
11.9,gnb,ue[5],0,10.0366,500,500,30,510.451,414.252,66.6817,DL,1000,0.01,1,93.8478,55.8951,48.3041,141137,3112.24,0.004,0.004,0,0,0,0
11.9,gnb,ue[6],0,11.2528,500,500,30,199.952,505.612,77.9111,DL,1000,0.01,1,303.901,44.3421,23.9228,51803.5,2777.78,0.004,0.01,0,0,0,0
11.9,gnb,ue[7],0,12.142,500,500,30,581.524,626.547,9.42881,DL,1000,0.01,1,151.933,51.3452,39.6389,141120,3144.33,0.004,0.004,0,0,0,0
11.9,gnb,ue[8],0,11.7015,500,500,30,501.494,657.071,6.3369,DL,1000,0.01,1,158.85,39.6768,25.501,97813.8,3112.24,0.01,0.004,0,0,0,0
11.9,gnb,ue[9],0,9.8111,500,500,30,94.7232,165.968,79.3597,DL,1000,0.01,1,527.506,36.7287,20.958,61649.5,3066.04,0.004,0.004,0,0,0,0
12,gnb,ue[0],0,11.4883,500,500,30,284.841,201.65,3.92105,DL,1000,0.01,1,368.763,33.9581,-0.290896,61245.5,3019.8,0.004,0.01,0,0,0,0
12,gnb,ue[1],0,12.4594,500,500,30,843.784,597.046,67.5955,DL,1000,0.01,1,359.192,48.3071,39.923,55736.3,3218.75,0.004,0.004,0,0,0,0
12,gnb,ue[2],0,11.4165,500,500,30,906.289,862.502,3.52198,DL,1000,0.01,1,545.142,37.9336,11.6276,13251.4,2981.65,0.004,0.004,0,0,0,0
12,gnb,ue[3],0,22.0924,500,500,30,300.877,647.387,29.0761,DL,1000,0.01,1,247.738,42.2404,20.0651,50835.1,3250,0.004,0.004,0,0,0,0
12,gnb,ue[4],0,8.6439,500,500,30,293.373,231.611,6.18892,DL,1000,0.01,1,339.55,32.3333,23.5787,18352.2,2850.47,0.041,0.004,0,0,0,0
12,gnb,ue[5],0,16.0308,500,500,30,511.38,413.153,66.6817,DL,1000,0.01,1,94.9606,55.2305,50.729,140800,3112.24,0.004,0.004,0,0,0,0
12,gnb,ue[6],0,8.12912,500,500,30,200.761,506.593,77.9111,DL,1000,0.01,1,303.122,46.2879,20.2717,52169.3,2777.78,0.004,0.01,0,0,0,0
12,gnb,ue[7],0,1.91472,500,500,30,581.44,627.378,9.42881,DL,1000,0.01,1,152.581,56.2227,40.2457,140745,3144.33,0.004,0.004,0,0,0,0
12,gnb,ue[8],0,11.9525,500,500,30,500.582,657.84,6.3369,DL,1000,0.01,1,159.605,40.915,28.8307,97343.2,3112.24,0.01,0.004,0,0,0,0
12,gnb,ue[9],0,12.6388,500,500,30,93.5549,165.379,79.3597,DL,1000,0.01,1,528.777,36.7287,22.7947,61649.5,3066.04,0.004,0.004,0,0,0,0
